case,model,h,status,selected_taps,full_taps,selected_capture_bits,full_capture_bits,selected_fraction
counter-h4-d0-o1-c0,counter,4,infeasible,NA,6,NA,24,NA
counter-h4-d0-o1-c1,counter,4,feasible,1,6,4,24,0.166667
counter-h4-d0-o1-c2,counter,4,feasible,2,6,8,24,0.333333
counter-h4-d0-o1-c012,counter,4,infeasible,NA,6,NA,24,NA
counter-h4-d0-o2-c0,counter,4,infeasible,NA,6,NA,24,NA
counter-h4-d0-o2-c1,counter,4,feasible,1,6,4,24,0.166667
counter-h4-d0-o2-c2,counter,4,feasible,2,6,8,24,0.333333
counter-h4-d0-o2-c012,counter,4,infeasible,NA,6,NA,24,NA
counter-h4-d1-o1-c0,counter,4,infeasible,NA,6,NA,24,NA
counter-h4-d1-o1-c1,counter,4,feasible,2,6,8,24,0.333333
counter-h4-d1-o1-c2,counter,4,feasible,2,6,8,24,0.333333
counter-h4-d1-o1-c012,counter,4,infeasible,NA,6,NA,24,NA
counter-h4-d1-o2-c0,counter,4,infeasible,NA,6,NA,24,NA
counter-h4-d1-o2-c1,counter,4,feasible,2,6,8,24,0.333333
counter-h4-d1-o2-c2,counter,4,feasible,2,6,8,24,0.333333
counter-h4-d1-o2-c012,counter,4,infeasible,NA,6,NA,24,NA
counter-h4-d2-o1-c0,counter,4,infeasible,NA,6,NA,24,NA
counter-h4-d2-o1-c1,counter,4,feasible,4,6,16,24,0.666667
counter-h4-d2-o1-c2,counter,4,infeasible,NA,6,NA,24,NA
counter-h4-d2-o1-c012,counter,4,infeasible,NA,6,NA,24,NA
counter-h4-d2-o2-c0,counter,4,infeasible,NA,6,NA,24,NA
counter-h4-d2-o2-c1,counter,4,feasible,4,6,16,24,0.666667
counter-h4-d2-o2-c2,counter,4,infeasible,NA,6,NA,24,NA
counter-h4-d2-o2-c012,counter,4,infeasible,NA,6,NA,24,NA
counter-h8-d0-o1-c0,counter,8,infeasible,NA,6,NA,48,NA
counter-h8-d0-o1-c1,counter,8,feasible,1,6,8,48,0.166667
counter-h8-d0-o1-c2,counter,8,feasible,1,6,8,48,0.166667
counter-h8-d0-o1-c012,counter,8,infeasible,NA,6,NA,48,NA
counter-h8-d0-o2-c0,counter,8,infeasible,NA,6,NA,48,NA
counter-h8-d0-o2-c1,counter,8,feasible,1,6,8,48,0.166667
counter-h8-d0-o2-c2,counter,8,feasible,1,6,8,48,0.166667
counter-h8-d0-o2-c012,counter,8,infeasible,NA,6,NA,48,NA
counter-h8-d1-o1-c0,counter,8,infeasible,NA,6,NA,48,NA
counter-h8-d1-o1-c1,counter,8,feasible,1,6,8,48,0.166667
counter-h8-d1-o1-c2,counter,8,feasible,2,6,16,48,0.333333
counter-h8-d1-o1-c012,counter,8,infeasible,NA,6,NA,48,NA
counter-h8-d1-o2-c0,counter,8,infeasible,NA,6,NA,48,NA
counter-h8-d1-o2-c1,counter,8,feasible,2,6,16,48,0.333333
counter-h8-d1-o2-c2,counter,8,feasible,2,6,16,48,0.333333
counter-h8-d1-o2-c012,counter,8,infeasible,NA,6,NA,48,NA
counter-h8-d2-o1-c0,counter,8,infeasible,NA,6,NA,48,NA
counter-h8-d2-o1-c1,counter,8,feasible,2,6,16,48,0.333333
counter-h8-d2-o1-c2,counter,8,feasible,2,6,16,48,0.333333
counter-h8-d2-o1-c012,counter,8,infeasible,NA,6,NA,48,NA
counter-h8-d2-o2-c0,counter,8,infeasible,NA,6,NA,48,NA
counter-h8-d2-o2-c1,counter,8,feasible,2,6,16,48,0.333333
counter-h8-d2-o2-c2,counter,8,feasible,2,6,16,48,0.333333
counter-h8-d2-o2-c012,counter,8,infeasible,NA,6,NA,48,NA
counter-h12-d0-o1-c0,counter,12,infeasible,NA,6,NA,72,NA
counter-h12-d0-o1-c1,counter,12,feasible,1,6,12,72,0.166667
counter-h12-d0-o1-c2,counter,12,feasible,1,6,12,72,0.166667
counter-h12-d0-o1-c012,counter,12,infeasible,NA,6,NA,72,NA
counter-h12-d0-o2-c0,counter,12,infeasible,NA,6,NA,72,NA
counter-h12-d0-o2-c1,counter,12,feasible,1,6,12,72,0.166667
counter-h12-d0-o2-c2,counter,12,feasible,1,6,12,72,0.166667
counter-h12-d0-o2-c012,counter,12,infeasible,NA,6,NA,72,NA
counter-h12-d1-o1-c0,counter,12,infeasible,NA,6,NA,72,NA
counter-h12-d1-o1-c1,counter,12,feasible,1,6,12,72,0.166667
counter-h12-d1-o1-c2,counter,12,feasible,1,6,12,72,0.166667
counter-h12-d1-o1-c012,counter,12,infeasible,NA,6,NA,72,NA
counter-h12-d1-o2-c0,counter,12,infeasible,NA,6,NA,72,NA
counter-h12-d1-o2-c1,counter,12,feasible,2,6,24,72,0.333333
counter-h12-d1-o2-c2,counter,12,feasible,1,6,12,72,0.166667
counter-h12-d1-o2-c012,counter,12,infeasible,NA,6,NA,72,NA
counter-h12-d2-o1-c0,counter,12,infeasible,NA,6,NA,72,NA
counter-h12-d2-o1-c1,counter,12,feasible,2,6,24,72,0.333333
counter-h12-d2-o1-c2,counter,12,feasible,2,6,24,72,0.333333
counter-h12-d2-o1-c012,counter,12,infeasible,NA,6,NA,72,NA
counter-h12-d2-o2-c0,counter,12,infeasible,NA,6,NA,72,NA
counter-h12-d2-o2-c1,counter,12,feasible,2,6,24,72,0.333333
counter-h12-d2-o2-c2,counter,12,feasible,2,6,24,72,0.333333
counter-h12-d2-o2-c012,counter,12,infeasible,NA,6,NA,72,NA
fifo-h4-d0-o1-c0,fifo,4,infeasible,NA,8,NA,32,NA
fifo-h4-d0-o1-c1,fifo,4,infeasible,NA,8,NA,32,NA
fifo-h4-d0-o1-c2,fifo,4,infeasible,NA,8,NA,32,NA
fifo-h4-d0-o1-c012,fifo,4,infeasible,NA,8,NA,32,NA
fifo-h4-d0-o2-c0,fifo,4,infeasible,NA,8,NA,32,NA
fifo-h4-d0-o2-c1,fifo,4,infeasible,NA,8,NA,32,NA
fifo-h4-d0-o2-c2,fifo,4,infeasible,NA,8,NA,32,NA
fifo-h4-d0-o2-c012,fifo,4,infeasible,NA,8,NA,32,NA
fifo-h4-d1-o1-c0,fifo,4,infeasible,NA,8,NA,32,NA
fifo-h4-d1-o1-c1,fifo,4,infeasible,NA,8,NA,32,NA
fifo-h4-d1-o1-c2,fifo,4,infeasible,NA,8,NA,32,NA
fifo-h4-d1-o1-c012,fifo,4,infeasible,NA,8,NA,32,NA
fifo-h4-d1-o2-c0,fifo,4,infeasible,NA,8,NA,32,NA
fifo-h4-d1-o2-c1,fifo,4,infeasible,NA,8,NA,32,NA
fifo-h4-d1-o2-c2,fifo,4,infeasible,NA,8,NA,32,NA
fifo-h4-d1-o2-c012,fifo,4,infeasible,NA,8,NA,32,NA
fifo-h4-d2-o1-c0,fifo,4,infeasible,NA,8,NA,32,NA
fifo-h4-d2-o1-c1,fifo,4,infeasible,NA,8,NA,32,NA
fifo-h4-d2-o1-c2,fifo,4,infeasible,NA,8,NA,32,NA
fifo-h4-d2-o1-c012,fifo,4,infeasible,NA,8,NA,32,NA
fifo-h4-d2-o2-c0,fifo,4,infeasible,NA,8,NA,32,NA
fifo-h4-d2-o2-c1,fifo,4,infeasible,NA,8,NA,32,NA
fifo-h4-d2-o2-c2,fifo,4,infeasible,NA,8,NA,32,NA
fifo-h4-d2-o2-c012,fifo,4,infeasible,NA,8,NA,32,NA
fifo-h8-d0-o1-c0,fifo,8,infeasible,NA,8,NA,64,NA
fifo-h8-d0-o1-c1,fifo,8,infeasible,NA,8,NA,64,NA
fifo-h8-d0-o1-c2,fifo,8,infeasible,NA,8,NA,64,NA
fifo-h8-d0-o1-c012,fifo,8,infeasible,NA,8,NA,64,NA
fifo-h8-d0-o2-c0,fifo,8,infeasible,NA,8,NA,64,NA
fifo-h8-d0-o2-c1,fifo,8,infeasible,NA,8,NA,64,NA
fifo-h8-d0-o2-c2,fifo,8,infeasible,NA,8,NA,64,NA
fifo-h8-d0-o2-c012,fifo,8,infeasible,NA,8,NA,64,NA
fifo-h8-d1-o1-c0,fifo,8,infeasible,NA,8,NA,64,NA
fifo-h8-d1-o1-c1,fifo,8,infeasible,NA,8,NA,64,NA
fifo-h8-d1-o1-c2,fifo,8,infeasible,NA,8,NA,64,NA
fifo-h8-d1-o1-c012,fifo,8,infeasible,NA,8,NA,64,NA
fifo-h8-d1-o2-c0,fifo,8,infeasible,NA,8,NA,64,NA
fifo-h8-d1-o2-c1,fifo,8,infeasible,NA,8,NA,64,NA
fifo-h8-d1-o2-c2,fifo,8,infeasible,NA,8,NA,64,NA
fifo-h8-d1-o2-c012,fifo,8,infeasible,NA,8,NA,64,NA
fifo-h8-d2-o1-c0,fifo,8,infeasible,NA,8,NA,64,NA
fifo-h8-d2-o1-c1,fifo,8,infeasible,NA,8,NA,64,NA
fifo-h8-d2-o1-c2,fifo,8,infeasible,NA,8,NA,64,NA
fifo-h8-d2-o1-c012,fifo,8,infeasible,NA,8,NA,64,NA
fifo-h8-d2-o2-c0,fifo,8,infeasible,NA,8,NA,64,NA
fifo-h8-d2-o2-c1,fifo,8,infeasible,NA,8,NA,64,NA
fifo-h8-d2-o2-c2,fifo,8,infeasible,NA,8,NA,64,NA
fifo-h8-d2-o2-c012,fifo,8,infeasible,NA,8,NA,64,NA
fifo-h12-d0-o1-c0,fifo,12,infeasible,NA,8,NA,96,NA
fifo-h12-d0-o1-c1,fifo,12,infeasible,NA,8,NA,96,NA
fifo-h12-d0-o1-c2,fifo,12,feasible,1,8,12,96,0.125000
fifo-h12-d0-o1-c012,fifo,12,infeasible,NA,8,NA,96,NA
fifo-h12-d0-o2-c0,fifo,12,infeasible,NA,8,NA,96,NA
fifo-h12-d0-o2-c1,fifo,12,infeasible,NA,8,NA,96,NA
fifo-h12-d0-o2-c2,fifo,12,feasible,1,8,12,96,0.125000
fifo-h12-d0-o2-c012,fifo,12,infeasible,NA,8,NA,96,NA
fifo-h12-d1-o1-c0,fifo,12,infeasible,NA,8,NA,96,NA
fifo-h12-d1-o1-c1,fifo,12,infeasible,NA,8,NA,96,NA
fifo-h12-d1-o1-c2,fifo,12,feasible,1,8,12,96,0.125000
fifo-h12-d1-o1-c012,fifo,12,infeasible,NA,8,NA,96,NA
fifo-h12-d1-o2-c0,fifo,12,infeasible,NA,8,NA,96,NA
fifo-h12-d1-o2-c1,fifo,12,infeasible,NA,8,NA,96,NA
fifo-h12-d1-o2-c2,fifo,12,feasible,1,8,12,96,0.125000
fifo-h12-d1-o2-c012,fifo,12,infeasible,NA,8,NA,96,NA
fifo-h12-d2-o1-c0,fifo,12,infeasible,NA,8,NA,96,NA
fifo-h12-d2-o1-c1,fifo,12,infeasible,NA,8,NA,96,NA
fifo-h12-d2-o1-c2,fifo,12,feasible,2,8,24,96,0.250000
fifo-h12-d2-o1-c012,fifo,12,infeasible,NA,8,NA,96,NA
fifo-h12-d2-o2-c0,fifo,12,infeasible,NA,8,NA,96,NA
fifo-h12-d2-o2-c1,fifo,12,infeasible,NA,8,NA,96,NA
fifo-h12-d2-o2-c2,fifo,12,feasible,2,8,24,96,0.250000
fifo-h12-d2-o2-c012,fifo,12,infeasible,NA,8,NA,96,NA
arbiter-h4-d0-o1-c0,arbiter,4,infeasible,NA,6,NA,24,NA
arbiter-h4-d0-o1-c1,arbiter,4,infeasible,NA,6,NA,24,NA
arbiter-h4-d0-o1-c2,arbiter,4,feasible,1,6,4,24,0.166667
arbiter-h4-d0-o1-c012,arbiter,4,infeasible,NA,6,NA,24,NA
arbiter-h4-d0-o2-c0,arbiter,4,infeasible,NA,6,NA,24,NA
arbiter-h4-d0-o2-c1,arbiter,4,infeasible,NA,6,NA,24,NA
arbiter-h4-d0-o2-c2,arbiter,4,feasible,2,6,8,24,0.333333
arbiter-h4-d0-o2-c012,arbiter,4,infeasible,NA,6,NA,24,NA
arbiter-h4-d1-o1-c0,arbiter,4,infeasible,NA,6,NA,24,NA
arbiter-h4-d1-o1-c1,arbiter,4,infeasible,NA,6,NA,24,NA
arbiter-h4-d1-o1-c2,arbiter,4,feasible,4,6,16,24,0.666667
arbiter-h4-d1-o1-c012,arbiter,4,infeasible,NA,6,NA,24,NA
arbiter-h4-d1-o2-c0,arbiter,4,infeasible,NA,6,NA,24,NA
arbiter-h4-d1-o2-c1,arbiter,4,infeasible,NA,6,NA,24,NA
arbiter-h4-d1-o2-c2,arbiter,4,feasible,4,6,16,24,0.666667
arbiter-h4-d1-o2-c012,arbiter,4,infeasible,NA,6,NA,24,NA
arbiter-h4-d2-o1-c0,arbiter,4,infeasible,NA,6,NA,24,NA
arbiter-h4-d2-o1-c1,arbiter,4,infeasible,NA,6,NA,24,NA
arbiter-h4-d2-o1-c2,arbiter,4,infeasible,NA,6,NA,24,NA
arbiter-h4-d2-o1-c012,arbiter,4,infeasible,NA,6,NA,24,NA
arbiter-h4-d2-o2-c0,arbiter,4,infeasible,NA,6,NA,24,NA
arbiter-h4-d2-o2-c1,arbiter,4,infeasible,NA,6,NA,24,NA
arbiter-h4-d2-o2-c2,arbiter,4,infeasible,NA,6,NA,24,NA
arbiter-h4-d2-o2-c012,arbiter,4,infeasible,NA,6,NA,24,NA
arbiter-h8-d0-o1-c0,arbiter,8,infeasible,NA,6,NA,48,NA
arbiter-h8-d0-o1-c1,arbiter,8,infeasible,NA,6,NA,48,NA
arbiter-h8-d0-o1-c2,arbiter,8,feasible,1,6,8,48,0.166667
arbiter-h8-d0-o1-c012,arbiter,8,infeasible,NA,6,NA,48,NA
arbiter-h8-d0-o2-c0,arbiter,8,infeasible,NA,6,NA,48,NA
arbiter-h8-d0-o2-c1,arbiter,8,infeasible,NA,6,NA,48,NA
arbiter-h8-d0-o2-c2,arbiter,8,feasible,1,6,8,48,0.166667
arbiter-h8-d0-o2-c012,arbiter,8,infeasible,NA,6,NA,48,NA
arbiter-h8-d1-o1-c0,arbiter,8,infeasible,NA,6,NA,48,NA
arbiter-h8-d1-o1-c1,arbiter,8,infeasible,NA,6,NA,48,NA
arbiter-h8-d1-o1-c2,arbiter,8,feasible,2,6,16,48,0.333333
arbiter-h8-d1-o1-c012,arbiter,8,infeasible,NA,6,NA,48,NA
arbiter-h8-d1-o2-c0,arbiter,8,infeasible,NA,6,NA,48,NA
arbiter-h8-d1-o2-c1,arbiter,8,infeasible,NA,6,NA,48,NA
arbiter-h8-d1-o2-c2,arbiter,8,feasible,2,6,16,48,0.333333
arbiter-h8-d1-o2-c012,arbiter,8,infeasible,NA,6,NA,48,NA
arbiter-h8-d2-o1-c0,arbiter,8,infeasible,NA,6,NA,48,NA
arbiter-h8-d2-o1-c1,arbiter,8,infeasible,NA,6,NA,48,NA
arbiter-h8-d2-o1-c2,arbiter,8,infeasible,NA,6,NA,48,NA
arbiter-h8-d2-o1-c012,arbiter,8,infeasible,NA,6,NA,48,NA
arbiter-h8-d2-o2-c0,arbiter,8,infeasible,NA,6,NA,48,NA
arbiter-h8-d2-o2-c1,arbiter,8,infeasible,NA,6,NA,48,NA
arbiter-h8-d2-o2-c2,arbiter,8,infeasible,NA,6,NA,48,NA
arbiter-h8-d2-o2-c012,arbiter,8,infeasible,NA,6,NA,48,NA
arbiter-h12-d0-o1-c0,arbiter,12,infeasible,NA,6,NA,72,NA
arbiter-h12-d0-o1-c1,arbiter,12,infeasible,NA,6,NA,72,NA
arbiter-h12-d0-o1-c2,arbiter,12,feasible,1,6,12,72,0.166667
arbiter-h12-d0-o1-c012,arbiter,12,infeasible,NA,6,NA,72,NA
arbiter-h12-d0-o2-c0,arbiter,12,infeasible,NA,6,NA,72,NA
arbiter-h12-d0-o2-c1,arbiter,12,infeasible,NA,6,NA,72,NA
arbiter-h12-d0-o2-c2,arbiter,12,feasible,1,6,12,72,0.166667
arbiter-h12-d0-o2-c012,arbiter,12,infeasible,NA,6,NA,72,NA
arbiter-h12-d1-o1-c0,arbiter,12,infeasible,NA,6,NA,72,NA
arbiter-h12-d1-o1-c1,arbiter,12,infeasible,NA,6,NA,72,NA
arbiter-h12-d1-o1-c2,arbiter,12,feasible,1,6,12,72,0.166667
arbiter-h12-d1-o1-c012,arbiter,12,infeasible,NA,6,NA,72,NA
arbiter-h12-d1-o2-c0,arbiter,12,infeasible,NA,6,NA,72,NA
arbiter-h12-d1-o2-c1,arbiter,12,infeasible,NA,6,NA,72,NA
arbiter-h12-d1-o2-c2,arbiter,12,feasible,2,6,24,72,0.333333
arbiter-h12-d1-o2-c012,arbiter,12,infeasible,NA,6,NA,72,NA
arbiter-h12-d2-o1-c0,arbiter,12,infeasible,NA,6,NA,72,NA
arbiter-h12-d2-o1-c1,arbiter,12,infeasible,NA,6,NA,72,NA
arbiter-h12-d2-o1-c2,arbiter,12,feasible,3,6,36,72,0.500000
arbiter-h12-d2-o1-c012,arbiter,12,infeasible,NA,6,NA,72,NA
arbiter-h12-d2-o2-c0,arbiter,12,infeasible,NA,6,NA,72,NA
arbiter-h12-d2-o2-c1,arbiter,12,infeasible,NA,6,NA,72,NA
arbiter-h12-d2-o2-c2,arbiter,12,feasible,3,6,36,72,0.500000
arbiter-h12-d2-o2-c012,arbiter,12,infeasible,NA,6,NA,72,NA
credit-h4-d0-o1-c0,credit,4,infeasible,NA,7,NA,28,NA
credit-h4-d0-o1-c1,credit,4,infeasible,NA,7,NA,28,NA
credit-h4-d0-o1-c2,credit,4,infeasible,NA,7,NA,28,NA
credit-h4-d0-o1-c012,credit,4,infeasible,NA,7,NA,28,NA
credit-h4-d0-o2-c0,credit,4,infeasible,NA,7,NA,28,NA
credit-h4-d0-o2-c1,credit,4,infeasible,NA,7,NA,28,NA
credit-h4-d0-o2-c2,credit,4,infeasible,NA,7,NA,28,NA
credit-h4-d0-o2-c012,credit,4,infeasible,NA,7,NA,28,NA
credit-h4-d1-o1-c0,credit,4,infeasible,NA,7,NA,28,NA
credit-h4-d1-o1-c1,credit,4,infeasible,NA,7,NA,28,NA
credit-h4-d1-o1-c2,credit,4,infeasible,NA,7,NA,28,NA
credit-h4-d1-o1-c012,credit,4,infeasible,NA,7,NA,28,NA
credit-h4-d1-o2-c0,credit,4,infeasible,NA,7,NA,28,NA
credit-h4-d1-o2-c1,credit,4,infeasible,NA,7,NA,28,NA
credit-h4-d1-o2-c2,credit,4,infeasible,NA,7,NA,28,NA
credit-h4-d1-o2-c012,credit,4,infeasible,NA,7,NA,28,NA
credit-h4-d2-o1-c0,credit,4,infeasible,NA,7,NA,28,NA
credit-h4-d2-o1-c1,credit,4,infeasible,NA,7,NA,28,NA
credit-h4-d2-o1-c2,credit,4,infeasible,NA,7,NA,28,NA
credit-h4-d2-o1-c012,credit,4,infeasible,NA,7,NA,28,NA
credit-h4-d2-o2-c0,credit,4,infeasible,NA,7,NA,28,NA
credit-h4-d2-o2-c1,credit,4,infeasible,NA,7,NA,28,NA
credit-h4-d2-o2-c2,credit,4,infeasible,NA,7,NA,28,NA
credit-h4-d2-o2-c012,credit,4,infeasible,NA,7,NA,28,NA
credit-h8-d0-o1-c0,credit,8,infeasible,NA,7,NA,56,NA
credit-h8-d0-o1-c1,credit,8,infeasible,NA,7,NA,56,NA
credit-h8-d0-o1-c2,credit,8,feasible,1,7,8,56,0.142857
credit-h8-d0-o1-c012,credit,8,infeasible,NA,7,NA,56,NA
credit-h8-d0-o2-c0,credit,8,infeasible,NA,7,NA,56,NA
credit-h8-d0-o2-c1,credit,8,infeasible,NA,7,NA,56,NA
credit-h8-d0-o2-c2,credit,8,feasible,1,7,8,56,0.142857
credit-h8-d0-o2-c012,credit,8,infeasible,NA,7,NA,56,NA
credit-h8-d1-o1-c0,credit,8,infeasible,NA,7,NA,56,NA
credit-h8-d1-o1-c1,credit,8,infeasible,NA,7,NA,56,NA
credit-h8-d1-o1-c2,credit,8,feasible,3,7,24,56,0.428571
credit-h8-d1-o1-c012,credit,8,infeasible,NA,7,NA,56,NA
credit-h8-d1-o2-c0,credit,8,infeasible,NA,7,NA,56,NA
credit-h8-d1-o2-c1,credit,8,infeasible,NA,7,NA,56,NA
credit-h8-d1-o2-c2,credit,8,feasible,3,7,24,56,0.428571
credit-h8-d1-o2-c012,credit,8,infeasible,NA,7,NA,56,NA
credit-h8-d2-o1-c0,credit,8,infeasible,NA,7,NA,56,NA
credit-h8-d2-o1-c1,credit,8,infeasible,NA,7,NA,56,NA
credit-h8-d2-o1-c2,credit,8,infeasible,NA,7,NA,56,NA
credit-h8-d2-o1-c012,credit,8,infeasible,NA,7,NA,56,NA
credit-h8-d2-o2-c0,credit,8,infeasible,NA,7,NA,56,NA
credit-h8-d2-o2-c1,credit,8,infeasible,NA,7,NA,56,NA
credit-h8-d2-o2-c2,credit,8,infeasible,NA,7,NA,56,NA
credit-h8-d2-o2-c012,credit,8,infeasible,NA,7,NA,56,NA
credit-h12-d0-o1-c0,credit,12,infeasible,NA,7,NA,84,NA
credit-h12-d0-o1-c1,credit,12,infeasible,NA,7,NA,84,NA
credit-h12-d0-o1-c2,credit,12,feasible,1,7,12,84,0.142857
credit-h12-d0-o1-c012,credit,12,infeasible,NA,7,NA,84,NA
credit-h12-d0-o2-c0,credit,12,infeasible,NA,7,NA,84,NA
credit-h12-d0-o2-c1,credit,12,infeasible,NA,7,NA,84,NA
credit-h12-d0-o2-c2,credit,12,feasible,1,7,12,84,0.142857
credit-h12-d0-o2-c012,credit,12,infeasible,NA,7,NA,84,NA
credit-h12-d1-o1-c0,credit,12,infeasible,NA,7,NA,84,NA
credit-h12-d1-o1-c1,credit,12,infeasible,NA,7,NA,84,NA
credit-h12-d1-o1-c2,credit,12,feasible,1,7,12,84,0.142857
credit-h12-d1-o1-c012,credit,12,infeasible,NA,7,NA,84,NA
credit-h12-d1-o2-c0,credit,12,infeasible,NA,7,NA,84,NA
credit-h12-d1-o2-c1,credit,12,infeasible,NA,7,NA,84,NA
credit-h12-d1-o2-c2,credit,12,feasible,1,7,12,84,0.142857
credit-h12-d1-o2-c012,credit,12,infeasible,NA,7,NA,84,NA
credit-h12-d2-o1-c0,credit,12,infeasible,NA,7,NA,84,NA
credit-h12-d2-o1-c1,credit,12,infeasible,NA,7,NA,84,NA
credit-h12-d2-o1-c2,credit,12,feasible,2,7,24,84,0.285714
credit-h12-d2-o1-c012,credit,12,infeasible,NA,7,NA,84,NA
credit-h12-d2-o2-c0,credit,12,infeasible,NA,7,NA,84,NA
credit-h12-d2-o2-c1,credit,12,infeasible,NA,7,NA,84,NA
credit-h12-d2-o2-c2,credit,12,feasible,2,7,24,84,0.285714
credit-h12-d2-o2-c012,credit,12,infeasible,NA,7,NA,84,NA
handshake-h4-d0-o1-c0,handshake,4,infeasible,NA,6,NA,24,NA
handshake-h4-d0-o1-c1,handshake,4,feasible,1,6,4,24,0.166667
handshake-h4-d0-o1-c2,handshake,4,feasible,1,6,4,24,0.166667
handshake-h4-d0-o1-c012,handshake,4,infeasible,NA,6,NA,24,NA
handshake-h4-d0-o2-c0,handshake,4,infeasible,NA,6,NA,24,NA
handshake-h4-d0-o2-c1,handshake,4,feasible,2,6,8,24,0.333333
handshake-h4-d0-o2-c2,handshake,4,infeasible,NA,6,NA,24,NA
handshake-h4-d0-o2-c012,handshake,4,infeasible,NA,6,NA,24,NA
handshake-h4-d1-o1-c0,handshake,4,infeasible,NA,6,NA,24,NA
handshake-h4-d1-o1-c1,handshake,4,infeasible,NA,6,NA,24,NA
handshake-h4-d1-o1-c2,handshake,4,infeasible,NA,6,NA,24,NA
handshake-h4-d1-o1-c012,handshake,4,infeasible,NA,6,NA,24,NA
handshake-h4-d1-o2-c0,handshake,4,infeasible,NA,6,NA,24,NA
handshake-h4-d1-o2-c1,handshake,4,infeasible,NA,6,NA,24,NA
handshake-h4-d1-o2-c2,handshake,4,infeasible,NA,6,NA,24,NA
handshake-h4-d1-o2-c012,handshake,4,infeasible,NA,6,NA,24,NA
handshake-h4-d2-o1-c0,handshake,4,infeasible,NA,6,NA,24,NA
handshake-h4-d2-o1-c1,handshake,4,infeasible,NA,6,NA,24,NA
handshake-h4-d2-o1-c2,handshake,4,infeasible,NA,6,NA,24,NA
handshake-h4-d2-o1-c012,handshake,4,infeasible,NA,6,NA,24,NA
handshake-h4-d2-o2-c0,handshake,4,infeasible,NA,6,NA,24,NA
handshake-h4-d2-o2-c1,handshake,4,infeasible,NA,6,NA,24,NA
handshake-h4-d2-o2-c2,handshake,4,infeasible,NA,6,NA,24,NA
handshake-h4-d2-o2-c012,handshake,4,infeasible,NA,6,NA,24,NA
handshake-h8-d0-o1-c0,handshake,8,infeasible,NA,6,NA,48,NA
handshake-h8-d0-o1-c1,handshake,8,feasible,1,6,8,48,0.166667
handshake-h8-d0-o1-c2,handshake,8,feasible,1,6,8,48,0.166667
handshake-h8-d0-o1-c012,handshake,8,infeasible,NA,6,NA,48,NA
handshake-h8-d0-o2-c0,handshake,8,infeasible,NA,6,NA,48,NA
handshake-h8-d0-o2-c1,handshake,8,feasible,1,6,8,48,0.166667
handshake-h8-d0-o2-c2,handshake,8,feasible,1,6,8,48,0.166667
handshake-h8-d0-o2-c012,handshake,8,infeasible,NA,6,NA,48,NA
handshake-h8-d1-o1-c0,handshake,8,infeasible,NA,6,NA,48,NA
handshake-h8-d1-o1-c1,handshake,8,feasible,1,6,8,48,0.166667
handshake-h8-d1-o1-c2,handshake,8,feasible,2,6,16,48,0.333333
handshake-h8-d1-o1-c012,handshake,8,infeasible,NA,6,NA,48,NA
handshake-h8-d1-o2-c0,handshake,8,infeasible,NA,6,NA,48,NA
handshake-h8-d1-o2-c1,handshake,8,feasible,2,6,16,48,0.333333
handshake-h8-d1-o2-c2,handshake,8,infeasible,NA,6,NA,48,NA
handshake-h8-d1-o2-c012,handshake,8,infeasible,NA,6,NA,48,NA
handshake-h8-d2-o1-c0,handshake,8,infeasible,NA,6,NA,48,NA
handshake-h8-d2-o1-c1,handshake,8,feasible,2,6,16,48,0.333333
handshake-h8-d2-o1-c2,handshake,8,infeasible,NA,6,NA,48,NA
handshake-h8-d2-o1-c012,handshake,8,infeasible,NA,6,NA,48,NA
handshake-h8-d2-o2-c0,handshake,8,infeasible,NA,6,NA,48,NA
handshake-h8-d2-o2-c1,handshake,8,feasible,3,6,24,48,0.500000
handshake-h8-d2-o2-c2,handshake,8,infeasible,NA,6,NA,48,NA
handshake-h8-d2-o2-c012,handshake,8,infeasible,NA,6,NA,48,NA
handshake-h12-d0-o1-c0,handshake,12,infeasible,NA,6,NA,72,NA
handshake-h12-d0-o1-c1,handshake,12,feasible,1,6,12,72,0.166667
handshake-h12-d0-o1-c2,handshake,12,feasible,1,6,12,72,0.166667
handshake-h12-d0-o1-c012,handshake,12,infeasible,NA,6,NA,72,NA
handshake-h12-d0-o2-c0,handshake,12,infeasible,NA,6,NA,72,NA
handshake-h12-d0-o2-c1,handshake,12,feasible,1,6,12,72,0.166667
handshake-h12-d0-o2-c2,handshake,12,feasible,1,6,12,72,0.166667
handshake-h12-d0-o2-c012,handshake,12,infeasible,NA,6,NA,72,NA
handshake-h12-d1-o1-c0,handshake,12,infeasible,NA,6,NA,72,NA
handshake-h12-d1-o1-c1,handshake,12,feasible,1,6,12,72,0.166667
handshake-h12-d1-o1-c2,handshake,12,feasible,1,6,12,72,0.166667
handshake-h12-d1-o1-c012,handshake,12,infeasible,NA,6,NA,72,NA
handshake-h12-d1-o2-c0,handshake,12,infeasible,NA,6,NA,72,NA
handshake-h12-d1-o2-c1,handshake,12,feasible,1,6,12,72,0.166667
handshake-h12-d1-o2-c2,handshake,12,infeasible,NA,6,NA,72,NA
handshake-h12-d1-o2-c012,handshake,12,infeasible,NA,6,NA,72,NA
handshake-h12-d2-o1-c0,handshake,12,infeasible,NA,6,NA,72,NA
handshake-h12-d2-o1-c1,handshake,12,feasible,1,6,12,72,0.166667
handshake-h12-d2-o1-c2,handshake,12,infeasible,NA,6,NA,72,NA
handshake-h12-d2-o1-c012,handshake,12,infeasible,NA,6,NA,72,NA
handshake-h12-d2-o2-c0,handshake,12,infeasible,NA,6,NA,72,NA
handshake-h12-d2-o2-c1,handshake,12,feasible,2,6,24,72,0.333333
handshake-h12-d2-o2-c2,handshake,12,infeasible,NA,6,NA,72,NA
handshake-h12-d2-o2-c012,handshake,12,infeasible,NA,6,NA,72,NA
lfsr-h4-d0-o1-c0,lfsr,4,infeasible,NA,7,NA,28,NA
lfsr-h4-d0-o1-c1,lfsr,4,infeasible,NA,7,NA,28,NA
lfsr-h4-d0-o1-c2,lfsr,4,infeasible,NA,7,NA,28,NA
lfsr-h4-d0-o1-c012,lfsr,4,infeasible,NA,7,NA,28,NA
lfsr-h4-d0-o2-c0,lfsr,4,infeasible,NA,7,NA,28,NA
lfsr-h4-d0-o2-c1,lfsr,4,infeasible,NA,7,NA,28,NA
lfsr-h4-d0-o2-c2,lfsr,4,infeasible,NA,7,NA,28,NA
lfsr-h4-d0-o2-c012,lfsr,4,infeasible,NA,7,NA,28,NA
lfsr-h4-d1-o1-c0,lfsr,4,infeasible,NA,7,NA,28,NA
lfsr-h4-d1-o1-c1,lfsr,4,infeasible,NA,7,NA,28,NA
lfsr-h4-d1-o1-c2,lfsr,4,infeasible,NA,7,NA,28,NA
lfsr-h4-d1-o1-c012,lfsr,4,infeasible,NA,7,NA,28,NA
lfsr-h4-d1-o2-c0,lfsr,4,infeasible,NA,7,NA,28,NA
lfsr-h4-d1-o2-c1,lfsr,4,infeasible,NA,7,NA,28,NA
lfsr-h4-d1-o2-c2,lfsr,4,infeasible,NA,7,NA,28,NA
lfsr-h4-d1-o2-c012,lfsr,4,infeasible,NA,7,NA,28,NA
lfsr-h4-d2-o1-c0,lfsr,4,infeasible,NA,7,NA,28,NA
lfsr-h4-d2-o1-c1,lfsr,4,infeasible,NA,7,NA,28,NA
lfsr-h4-d2-o1-c2,lfsr,4,infeasible,NA,7,NA,28,NA
lfsr-h4-d2-o1-c012,lfsr,4,infeasible,NA,7,NA,28,NA
lfsr-h4-d2-o2-c0,lfsr,4,infeasible,NA,7,NA,28,NA
lfsr-h4-d2-o2-c1,lfsr,4,infeasible,NA,7,NA,28,NA
lfsr-h4-d2-o2-c2,lfsr,4,infeasible,NA,7,NA,28,NA
lfsr-h4-d2-o2-c012,lfsr,4,infeasible,NA,7,NA,28,NA
lfsr-h8-d0-o1-c0,lfsr,8,infeasible,NA,7,NA,56,NA
lfsr-h8-d0-o1-c1,lfsr,8,infeasible,NA,7,NA,56,NA
lfsr-h8-d0-o1-c2,lfsr,8,infeasible,NA,7,NA,56,NA
lfsr-h8-d0-o1-c012,lfsr,8,infeasible,NA,7,NA,56,NA
lfsr-h8-d0-o2-c0,lfsr,8,infeasible,NA,7,NA,56,NA
lfsr-h8-d0-o2-c1,lfsr,8,infeasible,NA,7,NA,56,NA
lfsr-h8-d0-o2-c2,lfsr,8,infeasible,NA,7,NA,56,NA
lfsr-h8-d0-o2-c012,lfsr,8,infeasible,NA,7,NA,56,NA
lfsr-h8-d1-o1-c0,lfsr,8,infeasible,NA,7,NA,56,NA
lfsr-h8-d1-o1-c1,lfsr,8,infeasible,NA,7,NA,56,NA
lfsr-h8-d1-o1-c2,lfsr,8,infeasible,NA,7,NA,56,NA
lfsr-h8-d1-o1-c012,lfsr,8,infeasible,NA,7,NA,56,NA
lfsr-h8-d1-o2-c0,lfsr,8,infeasible,NA,7,NA,56,NA
lfsr-h8-d1-o2-c1,lfsr,8,infeasible,NA,7,NA,56,NA
lfsr-h8-d1-o2-c2,lfsr,8,infeasible,NA,7,NA,56,NA
lfsr-h8-d1-o2-c012,lfsr,8,infeasible,NA,7,NA,56,NA
lfsr-h8-d2-o1-c0,lfsr,8,infeasible,NA,7,NA,56,NA
lfsr-h8-d2-o1-c1,lfsr,8,infeasible,NA,7,NA,56,NA
lfsr-h8-d2-o1-c2,lfsr,8,infeasible,NA,7,NA,56,NA
lfsr-h8-d2-o1-c012,lfsr,8,infeasible,NA,7,NA,56,NA
lfsr-h8-d2-o2-c0,lfsr,8,infeasible,NA,7,NA,56,NA
lfsr-h8-d2-o2-c1,lfsr,8,infeasible,NA,7,NA,56,NA
lfsr-h8-d2-o2-c2,lfsr,8,infeasible,NA,7,NA,56,NA
lfsr-h8-d2-o2-c012,lfsr,8,infeasible,NA,7,NA,56,NA
lfsr-h12-d0-o1-c0,lfsr,12,infeasible,NA,7,NA,84,NA
lfsr-h12-d0-o1-c1,lfsr,12,infeasible,NA,7,NA,84,NA
lfsr-h12-d0-o1-c2,lfsr,12,infeasible,NA,7,NA,84,NA
lfsr-h12-d0-o1-c012,lfsr,12,infeasible,NA,7,NA,84,NA
lfsr-h12-d0-o2-c0,lfsr,12,infeasible,NA,7,NA,84,NA
lfsr-h12-d0-o2-c1,lfsr,12,infeasible,NA,7,NA,84,NA
lfsr-h12-d0-o2-c2,lfsr,12,infeasible,NA,7,NA,84,NA
lfsr-h12-d0-o2-c012,lfsr,12,infeasible,NA,7,NA,84,NA
lfsr-h12-d1-o1-c0,lfsr,12,infeasible,NA,7,NA,84,NA
lfsr-h12-d1-o1-c1,lfsr,12,infeasible,NA,7,NA,84,NA
lfsr-h12-d1-o1-c2,lfsr,12,infeasible,NA,7,NA,84,NA
lfsr-h12-d1-o1-c012,lfsr,12,infeasible,NA,7,NA,84,NA
lfsr-h12-d1-o2-c0,lfsr,12,infeasible,NA,7,NA,84,NA
lfsr-h12-d1-o2-c1,lfsr,12,infeasible,NA,7,NA,84,NA
lfsr-h12-d1-o2-c2,lfsr,12,infeasible,NA,7,NA,84,NA
lfsr-h12-d1-o2-c012,lfsr,12,infeasible,NA,7,NA,84,NA
lfsr-h12-d2-o1-c0,lfsr,12,infeasible,NA,7,NA,84,NA
lfsr-h12-d2-o1-c1,lfsr,12,infeasible,NA,7,NA,84,NA
lfsr-h12-d2-o1-c2,lfsr,12,infeasible,NA,7,NA,84,NA
lfsr-h12-d2-o1-c012,lfsr,12,infeasible,NA,7,NA,84,NA
lfsr-h12-d2-o2-c0,lfsr,12,infeasible,NA,7,NA,84,NA
lfsr-h12-d2-o2-c1,lfsr,12,infeasible,NA,7,NA,84,NA
lfsr-h12-d2-o2-c2,lfsr,12,infeasible,NA,7,NA,84,NA
lfsr-h12-d2-o2-c012,lfsr,12,infeasible,NA,7,NA,84,NA
