claim_id,claim,mathematical_evidence,implementation_or_checker,test_or_experiment,raw_result,manuscript_location,maturity,fresh_recheck,limits
C1,"For equal-length words, bounded per-record whole-row deletion collides exactly when the selected projections have an LCS of length at least h-d.","proofs/trace_contract.md, deletion/LCS proposition",src/trace_engine.py; src/check_certificate.py,tests/pilot.py; tests/exhaustive_small.py; src/independent_math_validation.py,results/pilot.json; results/exhaustive-small.json; results/independent_math_validation.json,Observation contract and Proposition 1,proved in ordinary mathematics; independently finite-checked,rerun by the documented reproduction command,"Equal horizons, synchronized complete-row deletion, no substitutions/insertions/timestamps."
C2,The local frontier certificate is sound and complete and contains at most (d+1)^2 entries.,"proofs/trace_contract.md, frontier soundness/completeness",src/check_certificate.py verify_frontier,tests/kernel_pilot.py; tests/test_contract.py,results/kernel-pilot.json; results/contract-tests.json,Certificate theorems and proof figure,proved in ordinary mathematics; independently finite-checked,rerun by the documented reproduction command,Consumer implementation is not proof-assistant verified.
C3,The mismatch labels of a valid pair certificate form a separating per-pair tap core of size at most (d+1)^2.,"proofs/trace_contract.md, projection theorem",src/trace_engine.py; src/check_certificate.py,tests/kernel_pilot.py,results/kernel-pilot.json,Projection/tap-core theorem,proved in ordinary mathematics; finite-checked,rerun by the documented reproduction command,Per-pair result only; no task-size-independent global-interface bound.
C4,An explicit family requires all 2d+1 taps.,"proofs/trace_contract.md, lower-bound construction",tests/test_contract.py lower_bound_family,d=0..6 exact instances,results/contract-tests.json,Lower-bound proposition,proved in ordinary mathematics; finite-checked,rerun by the documented reproduction command,Does not close the linear-to-quadratic gap.
C5,The bounded selector returns an exact minimum positive integral-cost interface for every supplied feasible finite instance.,"proofs/trace_contract.md, alignment clauses and optimality",src/trace_engine.py synthesize; src/check_certificate.py validate,432 finite tasks; 28 UART tasks; 120 weighted cases; 120 permutations,results/campaign/; results/rtl-campaign/; results/contract-tests.json,Selection method and evaluation,proved for the finite algorithm; exact finite agreement on 460 tasks,all case/certificate bytes and deterministic fields are compared in a fresh reproduction,Worst-case exponential; producer and optimality checker are bounded to 12 taps; the theorem permits arbitrary finite m.
C6,The full-interface minimum-loss claim is accompanied by a collision witness at the margin and coverage below it.,"proofs/trace_contract.md, minimum-loss certificate",src/trace_engine.py minimum_loss; src/check_certificate.py validate,all 460 retained certificates,results/campaign/certificates/; results/rtl-campaign/certificates/,Minimum-loss theorem,proved in ordinary mathematics; finite-checked,all certificates revalidated in a fresh reproduction,"Full-interface margin, not shortest physical activation or selected-interface margin."
C7,"The finite-model matrix has 432 cases: 85 feasible, 347 infeasible, and 327 zero-loss full-interface aliases.",models/campaign.json and six retained finite models,src/run_campaign.py; src/summarize.py; src/check_certificate.py,complete declared finite matrix,results/summary/summary.json; results/campaign/,Finite-model results,measured exact finite result,fresh regeneration and byte/field comparison required by reproduce.py,"Six specification mechanisms, not 432 independent hardware designs."
C8,"The no-loss and marked-erasure controls have 55 and 24 false-coverage selections, while the marginal-tap control misses 28 feasible joint interfaces.",control predicates defined in manuscript,src/run_campaign.py; src/summarize.py,all 432 finite tasks,results/summary/baselines.csv,Control comparison table,measured finite result,regenerated by build/reproduction,Controls answer different predicates; not published-system baselines.
C9,"Twenty-four obligation-directed invalid certificate packets are rejected, including same-length reorder and duplicate-replacement mutations on legal multi-pair coverage lists.",certificate ordering/uniqueness obligations in proofs/trace_contract.md,src/check_certificate.py,tests/test_contract.py,results/contract-tests.json,Consumer and mutation evaluation,finite mutation testing,freshly rerun by reproduce.py,Targeted predicates only; not a hostile-input security claim.
C10,"For the retained timing family, local certificate checking has fixed O((d+1)^2) certificate work rather than scanning the full matching grid.","proofs/trace_contract.md, complexity argument",src/check_certificate.py; src/microbenchmark.py,"20 deterministic structures, five batches per method",results/microbenchmark/raw.json; results/microbenchmark/summary.csv,Timing figure,proved operation bound; measured Python timing,structures regenerated by reproduce.py,"Checker-only timing; excludes parsing, replay, selection, and device behavior."
C11,The supplied shift-register wrong-feedback/rotate pair has an admitted-state alias that persists under the exact retained finite table model.,proofs/trace_contract.md; models/alias-witness.json,src/check_alias.py,finite transition-closure check,results/alias-check.json,Negative example,ordinary invariant argument and finite check,rerun by reproduce.py,Only the exact supplied model; no hardware generalization.
C12,The retained finite and UART campaign resource numbers are measurements of one-worker CPU-only reference runs.,runner timing definitions,src/run_campaign.py; src/summarize.py,complete retained campaigns,results/campaign/runs/; results/rtl-summary/summary.json,Resource paragraph,measured,fresh replay records its own timing separately,Producer/checker sub-times are nested; environment dependent.
C13,Coverage implies a unique compatible declared class for every admitted observation.,direct consequence of the coverage definition,no throughput implementation claimed,logical implication of C1,not empirical,Observation contract,proved direct consequence,manuscript proof checked,Only for observations generated by the declared finite languages.
C14,Adding taps cannot increase LCS; therefore coverage is upward-closed and a full-interface collision cannot be repaired by removing taps.,"proofs/trace_contract.md, projection monotonicity",src/trace_engine.py full-interface precheck,tests/exhaustive_small.py; src/independent_math_validation.py,results/exhaustive-small.json; results/independent_math_validation.json,Projection lemma,proved in ordinary mathematics; independently finite-checked,rerun by reproduce.py,Same synchronized joint projection and deletion semantics.
C15,"The pinned UART bridge translates 33 raw traces of 48 rows into 1,584 finite table cells and one exact 28-case campaign.",proofs/rtl_bridge_contract.md,rtl/ben-marshall-uart/rebuild.py; import_traces.py; src/check_rtl_bridge.py,"source/blob, compatibility rewrite, trace, table, and campaign checks",results/rtl-bridge-check.json; rtl/ben-marshall-uart/trace_manifest.json; import_report.json,UART bridge subsection,exact retained source/trace/table integrity check,full reproduction recompiles in isolation and demands byte-identical outputs,"One deterministic simulation bridge; no synthesis, physical timing, electrical fault, or silicon evidence."
C16,"The UART matrix has 28 cases: 12 feasible, 16 infeasible, and 8 zero-loss aliases.",models/rtl-campaign.json,src/run_campaign.py; src/check_certificate.py; src/summarize.py,complete canonical UART campaign,results/rtl-summary/summary.json; results/rtl-campaign/,UART bridge results,measured exact finite result,fresh regeneration and per-case certificate comparison required by reproduce.py,Controlled simulation interventions on one public UART.
C17,"Ten directed UART bridge corruptions are rejected, including renamed or exchanged campaign identifiers, an equal-cost tx_busy/rxd name swap and a derived-fault cycle change with unchanged trace bytes and hashes.",proofs/rtl_bridge_contract.md,src/check_rtl_bridge.py,tests/test_rtl_bridge.py,results/rtl-bridge-mutations.json,UART bridge integrity paragraph,finite integrity mutation testing,freshly rerun by reproduce.py,"Targeted translation obligations, not unrestricted security."
C18,"For uart-h24-d0-o0-c0, mask 2176 is the certified {rxd, rx_sample} optimum; mask 2050 selects {tx_busy, rx_sample} and leaves full-length cross-class aliases.",fixed task/model definitions,tests/test_uart_regressions.py; src/check_certificate.py,all cross-class pairs for the frozen case,results/uart-regressions.json; results/rtl-campaign/,UART regression paragraph,exact finite regression,freshly rerun by reproduce.py,One declared case; does not generalize to unmeasured UART configurations.
C19,"The UART derived interventions use cycles 10/17 for tx_data_early/late and 12/17 for rx_sample_early/late, with values re-derived as nominal inversions and matched to resolved_faults.",fixed intervention contract in proofs/rtl_bridge_contract.md,src/check_rtl_bridge.py; tests/test_uart_regressions.py,all three contexts plus payload-5 focused regression,results/rtl-bridge-check.json; results/uart-regressions.json,UART bridge description,exact retained metadata/trace consistency check,freshly rerun by reproduce.py,Simulation interventions only; not calibrated physical faults.
C20,The testbench absolute clock is 100 MHz because the 1 ns time unit and #5 half-period yield a 10 ns period; 4 MHz and 1 MHz are design parameters interpreted only through sampled cycles.,trace_tb.sv and manifest timing fields,src/check_rtl_bridge.py,timing-declaration and manifest consistency checks,results/rtl-bridge-check.json; rtl/ben-marshall-uart/generated/manifest.json,UART timebase paragraph,source/metadata checked,freshly rerun by reproduce.py,No achieved physical line-rate claim.
C21,The one-command reproducer refuses existing or out-of-tree outputs and never recursively deletes a caller-selected path.,output policy,src/output_safety.py; _reproduce_core.py,tests/test_output_safety.py in temporary fixtures,fresh reproduction output/output-safety.json,Reproduction paragraph,tested safety property,run before every reproduction stage,Protects the documented output path contract; not a general sandbox.
