name,scholarly_or_official_url,license,access_date,resource_type,acquisition_method,integration_mode,supported_claim,internals_modified
"Post-Silicon Validation: Opportunities, Challenges and Recent Advances",https://doi.org/10.1145/1837274.1837280,Copyright retained by publisher/authors; bibliographic citation and original paraphrase only; no paper text redistributed,2026-09-12,scholarly reference,"Web bibliographic/abstract review and, only where literature.csv says so, lawful author/publisher PDF inspection","IEEE-style citation and original synthesis only; no code, figures, or paper text imported","Historical survey of post-silicon validation challenges, observability limits, and the distinction from pre-silicon verification and manufacturing test. Background only; it motivates observability challenges but is not a source for the certificate theorem.",no
IFRA: Instruction Footprint Recording and Analysis for Post-Silicon Bug Localization in Processors,https://doi.org/10.1145/1391469.1391569,Copyright retained by publisher/authors; bibliographic citation and original paraphrase only; no paper text redistributed,2026-09-12,scholarly reference,"Web bibliographic/abstract review and, only where literature.csv says so, lawful author/publisher PDF inspection","IEEE-style citation and original synthesis only; no code, figures, or paper text imported","Original instruction-footprint recording and analysis method for narrowing processor bug locations after silicon. Provides stronger processor, execution, or protocol grounding; it does not supply the tap-labelled bounded-row-loss frontier certificate or per-pair projection theorem claimed here.",no
Post-Silicon Bug Localization in Processors Using Instruction Footprint Recording and Analysis (IFRA),https://doi.org/10.1109/TCAD.2009.2030595,Copyright retained by publisher/authors; bibliographic citation and original paraphrase only; no paper text redistributed,2026-09-12,scholarly reference,"Web bibliographic/abstract review and, only where literature.csv says so, lawful author/publisher PDF inspection","IEEE-style citation and original synthesis only; no code, figures, or paper text imported","Journal treatment of IFRA with processor-oriented instruction-footprint localization. Provides stronger processor, execution, or protocol grounding; it does not supply the tap-labelled bounded-row-loss frontier certificate or per-pair projection theorem claimed here.",no
Post-Silicon Trace Signal Selection Using Genetic Algorithm,https://doi.org/10.1109/ATS64447.2024.10915396,Copyright retained by publisher/authors; bibliographic citation and original paraphrase only; no paper text redistributed,2026-09-12,scholarly reference,"Web bibliographic/abstract review and, only where literature.csv says so, lawful author/publisher PDF inspection","IEEE-style citation and original synthesis only; no code, figures, or paper text imported","Genetic-algorithm trace-signal selection under a post-silicon selection objective. Optimizes access, restoration, detection, triggering, or localization under a different observation/cost objective; not evidence of universal class separation under independent silent row deletion.",no
Assertion-Based Validation Using Clustering and Dynamic Refinement of Hardware Checkers,https://doi.org/10.1145/3696108,Copyright retained by publisher/authors; bibliographic citation and original paraphrase only; no paper text redistributed,2026-09-12,scholarly reference,"Web bibliographic/abstract review and, only where literature.csv says so, lawful author/publisher PDF inspection","IEEE-style citation and original synthesis only; no code, figures, or paper text imported","Assertion-based validation with clustering and dynamic refinement of hardware checkers. Optimizes access, restoration, detection, triggering, or localization under a different observation/cost objective; not evidence of universal class separation under independent silent row deletion.",no
A Reconfigurable Design-for-Debug Infrastructure for SoCs,https://doi.org/10.1145/1146909.1146916,Copyright retained by publisher/authors; bibliographic citation and original paraphrase only; no paper text redistributed,2026-09-12,scholarly reference,"Web bibliographic/abstract review and, only where literature.csv says so, lawful author/publisher PDF inspection","IEEE-style citation and original synthesis only; no code, figures, or paper text imported","Reconfigurable design-for-debug architecture for internal access and observation in SoCs. Optimizes access, restoration, detection, triggering, or localization under a different observation/cost objective; not evidence of universal class separation under independent silent row deletion.",no
Silicon Debug: Scan Chains Alone Are Not Enough,https://doi.org/10.1109/TEST.1999.805821,Copyright retained by publisher/authors; bibliographic citation and original paraphrase only; no paper text redistributed,2026-09-12,scholarly reference,"Web bibliographic/abstract review and, only where literature.csv says so, lawful author/publisher PDF inspection","IEEE-style citation and original synthesis only; no code, figures, or paper text imported","Early argument that scan chains alone do not provide sufficient silicon-debug observability. Optimizes access, restoration, detection, triggering, or localization under a different observation/cost objective; not evidence of universal class separation under independent silent row deletion.",no
Microprocessor Silicon Debug Based on Failure Propagation Tracing,No independently verified stable URL retained; bibliographic metadata is in paper/references.bib,Copyright retained by publisher/authors; bibliographic citation and original paraphrase only; no paper text redistributed,2026-09-12,scholarly reference,"Web bibliographic/abstract review and, only where literature.csv says so, lawful author/publisher PDF inspection","IEEE-style citation and original synthesis only; no code, figures, or paper text imported","Failure-propagation tracing for microprocessor silicon debug. Optimizes access, restoration, detection, triggering, or localization under a different observation/cost objective; not evidence of universal class separation under independent silent row deletion.",no
Algorithms for State Restoration and Trace-Signal Selection for Data Acquisition in Silicon Debug,https://doi.org/10.1109/TCAD.2008.2009158,Copyright retained by publisher/authors; bibliographic citation and original paraphrase only; no paper text redistributed,2026-09-12,scholarly reference,"Web bibliographic/abstract review and, only where literature.csv says so, lawful author/publisher PDF inspection","IEEE-style citation and original synthesis only; no code, figures, or paper text imported","State-restoration algorithms and trace-signal selection for bounded on-chip storage. Optimizes access, restoration, detection, triggering, or localization under a different observation/cost objective; not evidence of universal class separation under independent silent row deletion.",no
Automated Trace Signals Selection Using the RTL Descriptions,https://doi.org/10.1109/TEST.2010.5699214,Copyright retained by publisher/authors; bibliographic citation and original paraphrase only; no paper text redistributed,2026-09-12,scholarly reference,"Web bibliographic/abstract review and, only where literature.csv says so, lawful author/publisher PDF inspection","IEEE-style citation and original synthesis only; no code, figures, or paper text imported","RTL-based automated trace-signal selection. Optimizes access, restoration, detection, triggering, or localization under a different observation/cost objective; not evidence of universal class separation under independent silent row deletion.",no
Combining Scan and Trace Buffers for Enhancing Real-Time Observability in Post-Silicon Debugging,https://doi.org/10.1109/ETSYM.2010.5512781,Copyright retained by publisher/authors; bibliographic citation and original paraphrase only; no paper text redistributed,2026-09-12,scholarly reference,"Web bibliographic/abstract review and, only where literature.csv says so, lawful author/publisher PDF inspection","IEEE-style citation and original synthesis only; no code, figures, or paper text imported","Combines scan and trace buffers to improve real-time observability. Optimizes access, restoration, detection, triggering, or localization under a different observation/cost objective; not evidence of universal class separation under independent silent row deletion.",no
On Signal Selection for Visibility Enhancement in Trace-Based Post-Silicon Validation,https://doi.org/10.1109/TCAD.2012.2189395,Copyright retained by publisher/authors; bibliographic citation and original paraphrase only; no paper text redistributed,2026-09-12,scholarly reference,"Web bibliographic/abstract review and, only where literature.csv says so, lawful author/publisher PDF inspection","IEEE-style citation and original synthesis only; no code, figures, or paper text imported","Visibility-enhancing signal selection for trace-based post-silicon validation. Optimizes access, restoration, detection, triggering, or localization under a different observation/cost objective; not evidence of universal class separation under independent silent row deletion.",no
Efficient Trace Signal Selection for Silicon Debug by Error Transmission Analysis,https://doi.org/10.1109/TCAD.2011.2171184,Copyright retained by publisher/authors; bibliographic citation and original paraphrase only; no paper text redistributed,2026-09-12,scholarly reference,"Web bibliographic/abstract review and, only where literature.csv says so, lawful author/publisher PDF inspection","IEEE-style citation and original synthesis only; no code, figures, or paper text imported","Error-transmission analysis for selecting trace signals that expose erroneous behavior. Optimizes access, restoration, detection, triggering, or localization under a different observation/cost objective; not evidence of universal class separation under independent silent row deletion.",no
RATS: Restoration-Aware Trace Signal Selection for Post-Silicon Validation,https://doi.org/10.1109/TVLSI.2012.2192457,Copyright retained by publisher/authors; bibliographic citation and original paraphrase only; no paper text redistributed,2026-09-12,scholarly reference,"Web bibliographic/abstract review and, only where literature.csv says so, lawful author/publisher PDF inspection","IEEE-style citation and original synthesis only; no code, figures, or paper text imported","Restoration-aware trace-signal selection using a more accurate restoration metric. Optimizes access, restoration, detection, triggering, or localization under a different observation/cost objective; not evidence of universal class separation under independent silent row deletion.",no
Efficient Trace Signal Selection for Post Silicon Validation and Debug,https://doi.org/10.1109/VLSID.2011.14,Copyright retained by publisher/authors; bibliographic citation and original paraphrase only; no paper text redistributed,2026-09-12,scholarly reference,"Web bibliographic/abstract review and, only where literature.csv says so, lawful author/publisher PDF inspection","IEEE-style citation and original synthesis only; no code, figures, or paper text imported","Structural trace-signal selection for restoration-oriented post-silicon validation. Optimizes access, restoration, detection, triggering, or localization under a different observation/cost objective; not evidence of universal class separation under independent silent row deletion.",no
Efficient Combination of Trace and Scan Signals for Post Silicon Validation and Debug,https://doi.org/10.1109/TEST.2011.6139157,Copyright retained by publisher/authors; bibliographic citation and original paraphrase only; no paper text redistributed,2026-09-12,scholarly reference,"Web bibliographic/abstract review and, only where literature.csv says so, lawful author/publisher PDF inspection","IEEE-style citation and original synthesis only; no code, figures, or paper text imported","Joint selection of trace and scan signals. Optimizes access, restoration, detection, triggering, or localization under a different observation/cost objective; not evidence of universal class separation under independent silent row deletion.",no
Dynamic Selection of Trace Signals for Post-Silicon Debug,https://doi.org/10.1109/MTV.2013.13,Copyright retained by publisher/authors; bibliographic citation and original paraphrase only; no paper text redistributed,2026-09-12,scholarly reference,"Web bibliographic/abstract review and, only where literature.csv says so, lawful author/publisher PDF inspection","IEEE-style citation and original synthesis only; no code, figures, or paper text imported","Runtime/dynamic reconfiguration of traced signals across a debug interval. Optimizes access, restoration, detection, triggering, or localization under a different observation/cost objective; not evidence of universal class separation under independent silent row deletion.",no
Simulation-Based Signal Selection for State Restoration in Silicon Debug,https://doi.org/10.1109/ICCAD.2011.6105391,Copyright retained by publisher/authors; bibliographic citation and original paraphrase only; no paper text redistributed,2026-09-12,scholarly reference,"Web bibliographic/abstract review and, only where literature.csv says so, lawful author/publisher PDF inspection","IEEE-style citation and original synthesis only; no code, figures, or paper text imported","Simulation-based signal selection targeted at state restoration. Optimizes access, restoration, detection, triggering, or localization under a different observation/cost objective; not evidence of universal class separation under independent silent row deletion.",no
Scalable Signal Selection for Post-Silicon Debug,https://doi.org/10.1109/TVLSI.2012.2202409,Copyright retained by publisher/authors; bibliographic citation and original paraphrase only; no paper text redistributed,2026-09-12,scholarly reference,"Web bibliographic/abstract review and, only where literature.csv says so, lawful author/publisher PDF inspection","IEEE-style citation and original synthesis only; no code, figures, or paper text imported","Scalable signal-selection methods for post-silicon debug. Optimizes access, restoration, detection, triggering, or localization under a different observation/cost objective; not evidence of universal class separation under independent silent row deletion.",no
A Hybrid Approach for Fast and Accurate Trace Signal Selection for Post-Silicon Debug,https://doi.org/10.1109/TCAD.2014.2307533,Copyright retained by publisher/authors; bibliographic citation and original paraphrase only; no paper text redistributed,2026-09-12,scholarly reference,"Web bibliographic/abstract review and, only where literature.csv says so, lawful author/publisher PDF inspection","IEEE-style citation and original synthesis only; no code, figures, or paper text imported","Hybrid signal selection combining simulation quality with metric-based speed. Optimizes access, restoration, detection, triggering, or localization under a different observation/cost objective; not evidence of universal class separation under independent silent row deletion.",no
Efficient Trace Signal Selection Using Augmentation and ILP Techniques,https://doi.org/10.1109/ISQED.2014.6783318,Copyright retained by publisher/authors; bibliographic citation and original paraphrase only; no paper text redistributed,2026-09-12,scholarly reference,"Web bibliographic/abstract review and, only where literature.csv says so, lawful author/publisher PDF inspection","IEEE-style citation and original synthesis only; no code, figures, or paper text imported","Augmentation and integer-linear-programming formulation for trace-signal selection. Optimizes access, restoration, detection, triggering, or localization under a different observation/cost objective; not evidence of universal class separation under independent silent row deletion.",no
Efficient Selection of Trace and Scan Signals for Post-Silicon Debug,https://doi.org/10.1109/TVLSI.2015.2396083,Copyright retained by publisher/authors; bibliographic citation and original paraphrase only; no paper text redistributed,2026-09-12,scholarly reference,"Web bibliographic/abstract review and, only where literature.csv says so, lawful author/publisher PDF inspection","IEEE-style citation and original synthesis only; no code, figures, or paper text imported","Joint trace/scan selection for post-silicon debug. Optimizes access, restoration, detection, triggering, or localization under a different observation/cost objective; not evidence of universal class separation under independent silent row deletion.",no
Post-Silicon Trace Signal Selection Using Machine Learning Techniques,https://doi.org/10.1109/TVLSI.2016.2593902,Copyright retained by publisher/authors; bibliographic citation and original paraphrase only; no paper text redistributed,2026-09-12,scholarly reference,"Web bibliographic/abstract review and, only where literature.csv says so, lawful author/publisher PDF inspection","IEEE-style citation and original synthesis only; no code, figures, or paper text imported","Machine-learning-guided trace-signal selection. Optimizes access, restoration, detection, triggering, or localization under a different observation/cost objective; not evidence of universal class separation under independent silent row deletion.",no
Trace Signal Selection to Enhance Timing and Logic Visibility in Post-Silicon Validation,No independently verified stable URL retained; bibliographic metadata is in paper/references.bib,Copyright retained by publisher/authors; bibliographic citation and original paraphrase only; no paper text redistributed,2026-09-12,scholarly reference,"Web bibliographic/abstract review and, only where literature.csv says so, lawful author/publisher PDF inspection","IEEE-style citation and original synthesis only; no code, figures, or paper text imported","Signal selection addressing timing and logic visibility. Optimizes access, restoration, detection, triggering, or localization under a different observation/cost objective; not evidence of universal class separation under independent silent row deletion.",no
Using Non-Trivial Logic Implications for Trace Buffer-Based Silicon Debug,No independently verified stable URL retained; bibliographic metadata is in paper/references.bib,Copyright retained by publisher/authors; bibliographic citation and original paraphrase only; no paper text redistributed,2026-09-12,scholarly reference,"Web bibliographic/abstract review and, only where literature.csv says so, lawful author/publisher PDF inspection","IEEE-style citation and original synthesis only; no code, figures, or paper text imported","Uses non-trivial logic implications to improve trace-buffer-based debug. Optimizes access, restoration, detection, triggering, or localization under a different observation/cost objective; not evidence of universal class separation under independent silent row deletion.",no
Enhanced Algorithm of Combining Trace and Scan Signals in Post-Silicon Validation,No independently verified stable URL retained; bibliographic metadata is in paper/references.bib,Copyright retained by publisher/authors; bibliographic citation and original paraphrase only; no paper text redistributed,2026-09-12,scholarly reference,"Web bibliographic/abstract review and, only where literature.csv says so, lawful author/publisher PDF inspection","IEEE-style citation and original synthesis only; no code, figures, or paper text imported","Algorithm for combining trace and scan observations. Optimizes access, restoration, detection, triggering, or localization under a different observation/cost objective; not evidence of universal class separation under independent silent row deletion.",no
Automated Selection of Assertions for Bit-Flip Detection During Post-Silicon Validation,https://doi.org/10.1109/TCAD.2016.2538087,Copyright retained by publisher/authors; bibliographic citation and original paraphrase only; no paper text redistributed,2026-09-12,scholarly reference,"Web bibliographic/abstract review and, only where literature.csv says so, lawful author/publisher PDF inspection","IEEE-style citation and original synthesis only; no code, figures, or paper text imported","Assertion selection for post-silicon bit-flip detection. Optimizes access, restoration, detection, triggering, or localization under a different observation/cost objective; not evidence of universal class separation under independent silent row deletion.",no
Bit-Flip Detection-Driven Selection of Trace Signals,No independently verified stable URL retained; bibliographic metadata is in paper/references.bib,Copyright retained by publisher/authors; bibliographic citation and original paraphrase only; no paper text redistributed,2026-09-12,scholarly reference,"Web bibliographic/abstract review and, only where literature.csv says so, lawful author/publisher PDF inspection","IEEE-style citation and original synthesis only; no code, figures, or paper text imported","Trace-signal selection driven by bit-flip detection rather than state restoration. Optimizes access, restoration, detection, triggering, or localization under a different observation/cost objective; not evidence of universal class separation under independent silent row deletion.",no
Cluster Restoration-Based Trace Signal Selection for Post-Silicon Debug,https://doi.org/10.1109/TCAD.2018.2818690,Copyright retained by publisher/authors; bibliographic citation and original paraphrase only; no paper text redistributed,2026-09-12,scholarly reference,"Web bibliographic/abstract review and, only where literature.csv says so, lawful author/publisher PDF inspection","IEEE-style citation and original synthesis only; no code, figures, or paper text imported","Cluster restoration and a cluster-level signal-selection metric. Optimizes access, restoration, detection, triggering, or localization under a different observation/cost objective; not evidence of universal class separation under independent silent row deletion.",no
On Trace Buffer Reuse-Based Trigger Generation for Post-Silicon Debug,No independently verified stable URL retained; bibliographic metadata is in paper/references.bib,Copyright retained by publisher/authors; bibliographic citation and original paraphrase only; no paper text redistributed,2026-09-12,scholarly reference,"Web bibliographic/abstract review and, only where literature.csv says so, lawful author/publisher PDF inspection","IEEE-style citation and original synthesis only; no code, figures, or paper text imported","Reuses trace-buffer structures in trigger generation. Optimizes access, restoration, detection, triggering, or localization under a different observation/cost objective; not evidence of universal class separation under independent silent row deletion.",no
Post-Silicon Gate-Level Error Localization With Effective and Combined Trace Signal Selection,https://doi.org/10.1109/TCAD.2018.2883899,Copyright retained by publisher/authors; bibliographic citation and original paraphrase only; no paper text redistributed,2026-09-12,scholarly reference,"Web bibliographic/abstract review and, only where literature.csv says so, lawful author/publisher PDF inspection","IEEE-style citation and original synthesis only; no code, figures, or paper text imported","Gate-level error localization coupled with trace-signal selection. Optimizes access, restoration, detection, triggering, or localization under a different observation/cost objective; not evidence of universal class separation under independent silent row deletion.",no
Emphasizing Functional Relevance Over State Restoration in Post-Silicon Signal Tracing,https://doi.org/10.1109/TCAD.2018.2887047,Copyright retained by publisher/authors; bibliographic citation and original paraphrase only; no paper text redistributed,2026-09-12,scholarly reference,"Web bibliographic/abstract review and, only where literature.csv says so, lawful author/publisher PDF inspection","IEEE-style citation and original synthesis only; no code, figures, or paper text imported","Functional relevance as an alternative objective to state restoration. Optimizes access, restoration, detection, triggering, or localization under a different observation/cost objective; not evidence of universal class separation under independent silent row deletion.",no
Can't See the Forest for the Trees: State Restoration's Limitations in Post-Silicon Trace Signal Selection,No independently verified stable URL retained; bibliographic metadata is in paper/references.bib,Copyright retained by publisher/authors; bibliographic citation and original paraphrase only; no paper text redistributed,2026-09-12,scholarly reference,"Web bibliographic/abstract review and, only where literature.csv says so, lawful author/publisher PDF inspection","IEEE-style citation and original synthesis only; no code, figures, or paper text imported","Shows limitations of treating state restoration as the sole signal-selection objective. Optimizes access, restoration, detection, triggering, or localization under a different observation/cost objective; not evidence of universal class separation under independent silent row deletion.",no
A Post-Silicon Trace Analysis Approach for System-on-Chip Protocol Debug,No independently verified stable URL retained; bibliographic metadata is in paper/references.bib,Copyright retained by publisher/authors; bibliographic citation and original paraphrase only; no paper text redistributed,2026-09-12,scholarly reference,"Web bibliographic/abstract review and, only where literature.csv says so, lawful author/publisher PDF inspection","IEEE-style citation and original synthesis only; no code, figures, or paper text imported","Protocol-aware trace analysis for SoC debugging. Provides stronger processor, execution, or protocol grounding; it does not supply the tap-labelled bounded-row-loss frontier certificate or per-pair projection theorem claimed here.",no
Post-Silicon Validation of Multiprocessor Memory Consistency,https://andrewdeorio.com/assets/research/TCAD15.pdf,Copyright retained by publisher/authors; bibliographic citation and original paraphrase only; no paper text redistributed,2026-09-12,scholarly reference,"Web bibliographic/abstract review and, only where literature.csv says so, lawful author/publisher PDF inspection","IEEE-style citation and original synthesis only; no code, figures, or paper text imported","Domain-specific logging and cycle analysis for multiprocessor memory-consistency validation. Provides stronger processor, execution, or protocol grounding; it does not supply the tap-labelled bounded-row-loss frontier certificate or per-pair projection theorem claimed here.",no
BLoG: Post-Silicon Bug Localization in Processors Using Bug Localization Graphs,https://doi.org/10.1145/1837274.1837367,Copyright retained by publisher/authors; bibliographic citation and original paraphrase only; no paper text redistributed,2026-09-12,scholarly reference,"Web bibliographic/abstract review and, only where literature.csv says so, lawful author/publisher PDF inspection","IEEE-style citation and original synthesis only; no code, figures, or paper text imported","Processor bug-localization graphs for narrowing candidate hardware structures. Provides stronger processor, execution, or protocol grounding; it does not supply the tap-labelled bounded-row-loss frontier certificate or per-pair projection theorem claimed here.",no
QED: Quick Error Detection Tests for Effective Post-Silicon Validation,https://doi.org/10.1109/TEST.2010.5699215,Copyright retained by publisher/authors; bibliographic citation and original paraphrase only; no paper text redistributed,2026-09-12,scholarly reference,"Web bibliographic/abstract review and, only where literature.csv says so, lawful author/publisher PDF inspection","IEEE-style citation and original synthesis only; no code, figures, or paper text imported","Transforms validation tests to shorten error-detection latency. Provides stronger processor, execution, or protocol grounding; it does not supply the tap-labelled bounded-row-loss frontier certificate or per-pair projection theorem claimed here.",no
Effective Post-Silicon Validation of System-on-Chips Using Quick Error Detection,https://doi.org/10.1109/TCAD.2014.2334301,Copyright retained by publisher/authors; bibliographic citation and original paraphrase only; no paper text redistributed,2026-09-12,scholarly reference,"Web bibliographic/abstract review and, only where literature.csv says so, lawful author/publisher PDF inspection","IEEE-style citation and original synthesis only; no code, figures, or paper text imported","System-on-chip QED methodology and evaluation. Provides stronger processor, execution, or protocol grounding; it does not supply the tap-labelled bounded-row-loss frontier certificate or per-pair projection theorem claimed here.",no
A Structured Approach to Post-Silicon Validation and Debug Using Symbolic Quick Error Detection,https://theory.stanford.edu/~barrett/pubs/LSB%2B.pdf,Copyright retained by publisher/authors; bibliographic citation and original paraphrase only; no paper text redistributed,2026-09-12,scholarly reference,"Web bibliographic/abstract review and, only where literature.csv says so, lawful author/publisher PDF inspection","IEEE-style citation and original synthesis only; no code, figures, or paper text imported","Combines QED traces with symbolic/formal analysis. Provides stronger processor, execution, or protocol grounding; it does not supply the tap-labelled bounded-row-loss frontier certificate or per-pair projection theorem claimed here.",no
E-QED: Electrical Bug Localization During Post-Silicon Validation Enabled by Quick Error Detection and Formal Methods,https://theory.stanford.edu/~barrett/pubs/SBM17.pdf,Copyright retained by publisher/authors; bibliographic citation and original paraphrase only; no paper text redistributed,2026-09-12,scholarly reference,"Web bibliographic/abstract review and, only where literature.csv says so, lawful author/publisher PDF inspection","IEEE-style citation and original synthesis only; no code, figures, or paper text imported","Electrical-bug localization using QED and formal reasoning. Provides stronger processor, execution, or protocol grounding; it does not supply the tap-labelled bounded-row-loss frontier certificate or per-pair projection theorem claimed here.",no
BackSpace: Formal Analysis for Post-Silicon Debug,https://doi.org/10.1109/FMCAD.2008.ECP.9,Copyright retained by publisher/authors; bibliographic citation and original paraphrase only; no paper text redistributed,2026-09-12,scholarly reference,"Web bibliographic/abstract review and, only where literature.csv says so, lawful author/publisher PDF inspection","IEEE-style citation and original synthesis only; no code, figures, or paper text imported","Formal reconstruction and analysis of post-silicon executions. Provides stronger processor, execution, or protocol grounding; it does not supply the tap-labelled bounded-row-loss frontier certificate or per-pair projection theorem claimed here.",no
Post-Silicon Bug Diagnosis With Inconsistent Executions,https://doi.org/10.1109/ICCAD.2011.6105414,Copyright retained by publisher/authors; bibliographic citation and original paraphrase only; no paper text redistributed,2026-09-12,scholarly reference,"Web bibliographic/abstract review and, only where literature.csv says so, lawful author/publisher PDF inspection","IEEE-style citation and original synthesis only; no code, figures, or paper text imported","Bug diagnosis under inconsistent post-silicon executions. Provides stronger processor, execution, or protocol grounding; it does not supply the tap-labelled bounded-row-loss frontier certificate or per-pair projection theorem claimed here.",no
Diagnosability of Discrete-Event Systems,https://doi.org/10.1109/9.412626,Copyright retained by publisher/authors; bibliographic citation and original paraphrase only; no paper text redistributed,2026-09-12,scholarly reference,"Web bibliographic/abstract review and, only where literature.csv says so, lawful author/publisher PDF inspection","IEEE-style citation and original synthesis only; no code, figures, or paper text imported",Foundational language/observer formulation of diagnosability for discrete-event systems. Broader diagnosis semantics are prior work; this manuscript claims only a finite fixed-horizon certificate and selected-coordinate preservation result for its explicit deletion contract.,no
A Polynomial Algorithm for Testing Diagnosability of Discrete-Event Systems,No independently verified stable URL retained; bibliographic metadata is in paper/references.bib,Copyright retained by publisher/authors; bibliographic citation and original paraphrase only; no paper text redistributed,2026-09-12,scholarly reference,"Web bibliographic/abstract review and, only where literature.csv says so, lawful author/publisher PDF inspection","IEEE-style citation and original synthesis only; no code, figures, or paper text imported",Polynomial verification of diagnosability in discrete-event systems. Broader diagnosis semantics are prior work; this manuscript claims only a finite fixed-horizon certificate and selected-coordinate preservation result for its explicit deletion contract.,no
Polynomial-Time Verification of Diagnosability of Partially Observed Discrete-Event Systems,No independently verified stable URL retained; bibliographic metadata is in paper/references.bib,Copyright retained by publisher/authors; bibliographic citation and original paraphrase only; no paper text redistributed,2026-09-12,scholarly reference,"Web bibliographic/abstract review and, only where literature.csv says so, lawful author/publisher PDF inspection","IEEE-style citation and original synthesis only; no code, figures, or paper text imported",Polynomial-time diagnosability verification under partial observation. Broader diagnosis semantics are prior work; this manuscript claims only a finite fixed-horizon certificate and selected-coordinate preservation result for its explicit deletion contract.,no
Diagnosability of Stochastic Discrete-Event Systems,No independently verified stable URL retained; bibliographic metadata is in paper/references.bib,Copyright retained by publisher/authors; bibliographic citation and original paraphrase only; no paper text redistributed,2026-09-12,scholarly reference,"Web bibliographic/abstract review and, only where literature.csv says so, lawful author/publisher PDF inspection","IEEE-style citation and original synthesis only; no code, figures, or paper text imported",Diagnosability for stochastic discrete-event systems. Broader diagnosis semantics are prior work; this manuscript claims only a finite fixed-horizon certificate and selected-coordinate preservation result for its explicit deletion contract.,no
Overview of Fault Diagnosis Methods for Discrete Event Systems,No independently verified stable URL retained; bibliographic metadata is in paper/references.bib,Copyright retained by publisher/authors; bibliographic citation and original paraphrase only; no paper text redistributed,2026-09-12,scholarly reference,"Web bibliographic/abstract review and, only where literature.csv says so, lawful author/publisher PDF inspection","IEEE-style citation and original synthesis only; no code, figures, or paper text imported",Survey and taxonomy of discrete-event-system fault diagnosis. Broader diagnosis semantics are prior work; this manuscript claims only a finite fixed-horizon certificate and selected-coordinate preservation result for its explicit deletion contract.,no
A Uniform Framework for Diagnosis of Discrete-Event Systems With Unreliable Sensors Using Linear Temporal Logic,https://arxiv.org/pdf/2204.13057,Copyright retained by publisher/authors; bibliographic citation and original paraphrase only; no paper text redistributed,2026-09-12,scholarly reference,"Web bibliographic/abstract review and, only where literature.csv says so, lawful author/publisher PDF inspection","IEEE-style citation and original synthesis only; no code, figures, or paper text imported",Diagnosis with unreliable sensors expressed through temporal assumptions. Broader diagnosis semantics are prior work; this manuscript claims only a finite fixed-horizon certificate and selected-coordinate preservation result for its explicit deletion contract.,no
Verification of Diagnosability for Cyber-Physical Systems: A Hybrid Barrier Certificate Approach,https://doi.org/10.1109/TAC.2026.3669025,Copyright retained by publisher/authors; bibliographic citation and original paraphrase only; no paper text redistributed,2026-09-12,scholarly reference,"Web bibliographic/abstract review and, only where literature.csv says so, lawful author/publisher PDF inspection","IEEE-style citation and original synthesis only; no code, figures, or paper text imported",Hybrid barrier-certificate approach to diagnosability verification for cyber-physical systems. Broader diagnosis semantics are prior work; this manuscript claims only a finite fixed-horizon certificate and selected-coordinate preservation result for its explicit deletion contract.,no
The String-to-String Correction Problem,https://doi.org/10.1145/321796.321811,Copyright retained by publisher/authors; bibliographic citation and original paraphrase only; no paper text redistributed,2026-09-12,scholarly reference,"Web bibliographic/abstract review and, only where literature.csv says so, lawful author/publisher PDF inspection","IEEE-style citation and original synthesis only; no code, figures, or paper text imported",Dynamic-programming foundation for edit distance and string correction. The sequence-comparison algorithm or lower bound is prior work; only the labelled blocking witness and tap-core deduction are proposed here.,no
A Linear Space Algorithm for Computing Maximal Common Subsequences,https://doi.org/10.1145/360825.360861,Copyright retained by publisher/authors; bibliographic citation and original paraphrase only; no paper text redistributed,2026-09-12,scholarly reference,"Web bibliographic/abstract review and, only where literature.csv says so, lawful author/publisher PDF inspection","IEEE-style citation and original synthesis only; no code, figures, or paper text imported",Linear-space computation of a longest common subsequence. The sequence-comparison algorithm or lower bound is prior work; only the labelled blocking witness and tap-core deduction are proposed here.,no
A Fast Algorithm for Computing Longest Common Subsequences,https://doi.org/10.1145/359581.359603,Copyright retained by publisher/authors; bibliographic citation and original paraphrase only; no paper text redistributed,2026-09-12,scholarly reference,"Web bibliographic/abstract review and, only where literature.csv says so, lawful author/publisher PDF inspection","IEEE-style citation and original synthesis only; no code, figures, or paper text imported",Sparse-match algorithm for longest common subsequences. The sequence-comparison algorithm or lower bound is prior work; only the labelled blocking witness and tap-core deduction are proposed here.,no
Algorithms for Approximate String Matching,No independently verified stable URL retained; bibliographic metadata is in paper/references.bib,Copyright retained by publisher/authors; bibliographic citation and original paraphrase only; no paper text redistributed,2026-09-12,scholarly reference,"Web bibliographic/abstract review and, only where literature.csv says so, lawful author/publisher PDF inspection","IEEE-style citation and original synthesis only; no code, figures, or paper text imported",Banded/frontier methods for approximate string matching. The sequence-comparison algorithm or lower bound is prior work; only the labelled blocking witness and tap-core deduction are proposed here.,no
An $O(ND)$ Difference Algorithm and Its Variations,https://doi.org/10.1007/BF01840446,Copyright retained by publisher/authors; bibliographic citation and original paraphrase only; no paper text redistributed,2026-09-12,scholarly reference,"Web bibliographic/abstract review and, only where literature.csv says so, lawful author/publisher PDF inspection","IEEE-style citation and original synthesis only; no code, figures, or paper text imported",Furthest-reaching edit frontier underlying the certificate producer. The sequence-comparison algorithm or lower bound is prior work; only the labelled blocking witness and tap-core deduction are proposed here.,no
An $O(NP)$ Sequence Comparison Algorithm,https://publications.mpi-cbg.de/Wu_1990_6334.pdf,Copyright retained by publisher/authors; bibliographic citation and original paraphrase only; no paper text redistributed,2026-09-12,scholarly reference,"Web bibliographic/abstract review and, only where literature.csv says so, lawful author/publisher PDF inspection","IEEE-style citation and original synthesis only; no code, figures, or paper text imported",Compressed sequence-comparison frontier and dominance argument. The sequence-comparison algorithm or lower bound is prior work; only the labelled blocking witness and tap-core deduction are proposed here.,no
Tight Hardness Results for LCS and Other Sequence Similarity Measures,No independently verified stable URL retained; bibliographic metadata is in paper/references.bib,Copyright retained by publisher/authors; bibliographic citation and original paraphrase only; no paper text redistributed,2026-09-12,scholarly reference,"Web bibliographic/abstract review and, only where literature.csv says so, lawful author/publisher PDF inspection","IEEE-style citation and original synthesis only; no code, figures, or paper text imported",Fine-grained conditional lower bounds for general LCS and related measures. The sequence-comparison algorithm or lower bound is prior work; only the labelled blocking witness and tap-core deduction are proposed here.,no
A Greedy Heuristic for the Set-Covering Problem,No independently verified stable URL retained; bibliographic metadata is in paper/references.bib,Copyright retained by publisher/authors; bibliographic citation and original paraphrase only; no paper text redistributed,2026-09-12,scholarly reference,"Web bibliographic/abstract review and, only where literature.csv says so, lawful author/publisher PDF inspection","IEEE-style citation and original synthesis only; no code, figures, or paper text imported","Classical greedy set-cover analysis. General set-cover theory is prior; the artifact claims exact bounded enumeration and necessary alignment clauses, not a new approximation ratio.",no
A Threshold of $\ln n$ for Approximating Set Cover,No independently verified stable URL retained; bibliographic metadata is in paper/references.bib,Copyright retained by publisher/authors; bibliographic citation and original paraphrase only; no paper text redistributed,2026-09-12,scholarly reference,"Web bibliographic/abstract review and, only where literature.csv says so, lawful author/publisher PDF inspection","IEEE-style citation and original synthesis only; no code, figures, or paper text imported","Hardness threshold for approximating set cover. General set-cover theory is prior; the artifact claims exact bounded enumeration and necessary alignment clauses, not a new approximation ratio.",no
Bounded Model Checking Using Satisfiability Solving,No independently verified stable URL retained; bibliographic metadata is in paper/references.bib,Copyright retained by publisher/authors; bibliographic citation and original paraphrase only; no paper text redistributed,2026-09-12,scholarly reference,"Web bibliographic/abstract review and, only where literature.csv says so, lawful author/publisher PDF inspection","IEEE-style citation and original synthesis only; no code, figures, or paper text imported",SAT-based bounded model checking as finite witness search plus logical checking. Producer/consumer certification is prior; the delivered Python checker is not proof-assistant verified.,no
Proof-Carrying Code,No independently verified stable URL retained; bibliographic metadata is in paper/references.bib,Copyright retained by publisher/authors; bibliographic citation and original paraphrase only; no paper text redistributed,2026-09-12,scholarly reference,"Web bibliographic/abstract review and, only where literature.csv says so, lawful author/publisher PDF inspection","IEEE-style citation and original synthesis only; no code, figures, or paper text imported",Proof-carrying code as a producer/consumer proof architecture. Producer/consumer certification is prior; the delivered Python checker is not proof-assistant verified.,no
Certifying Algorithms,No independently verified stable URL retained; bibliographic metadata is in paper/references.bib,Copyright retained by publisher/authors; bibliographic citation and original paraphrase only; no paper text redistributed,2026-09-12,scholarly reference,"Web bibliographic/abstract review and, only where literature.csv says so, lawful author/publisher PDF inspection","IEEE-style citation and original synthesis only; no code, figures, or paper text imported",Certifying algorithms and independently checkable result witnesses. Producer/consumer certification is prior; the delivered Python checker is not proof-assistant verified.,no
A Framework for the Verification of Certifying Computations,https://doi.org/10.1007/s10817-013-9289-2,Copyright retained by publisher/authors; bibliographic citation and original paraphrase only; no paper text redistributed,2026-09-12,scholarly reference,"Web bibliographic/abstract review and, only where literature.csv says so, lawful author/publisher PDF inspection","IEEE-style citation and original synthesis only; no code, figures, or paper text imported",Mechanized framework for verification of certifying computations. Producer/consumer certification is prior; the delivered Python checker is not proof-assistant verified.,no
IEEE TCAD paper submission instructions,https://ieee-ceda.org/publications/tcad/tcad-paper-submissions,IEEE CEDA website; no redistribution,2026-09-15,official venue rules,Live official-web recheck,"Workflow record, not a manuscript research citation","Current 14-page, two-column, 10-point, abstract, keyword, and mandatory generative-AI disclosure requirements; the current AI-use boundary remains an external-readiness hold.",no
IEEE template selector,https://template-selector.ieee.org/,IEEE website,2026-09-12,official template locator,Live route attempted; supplied matched asset retained,No retrieved selector content incorporated,Exact selector compatibility remains an external-readiness check.,no
Supplied IEEEtran class and bibliography style,https://www.ctan.org/pkg/ieeetran,LaTeX Project Public License notices retained in supplied files,2026-09-12,publisher template asset,User-supplied matched template ZIP,Unchanged class and bibliography style in paper,IEEE journal layout; direct byte equality with the supplied template was checked.,no
Original finite transition models,not external; artifact/models/,MIT; see artifact/LICENSE,2026-09-12,exact original scientific inputs,Generated deterministically from artifact/src/build_models.py,Exact JSON tables and generator retained,All finite-model experiments and replay obligations.,not applicable
Python standard library,https://docs.python.org/3/library/,Python Software Foundation License; runtime not redistributed,2026-09-12,runtime,Preinstalled environment; no dependency downloads,No library internals modified or embedded,Standard-library local execution; not an external scientific baseline.,no
Ben Marshall UART RTL at pinned commit,https://github.com/ben-marshall/uart/tree/5fd2db850a41b65aa34f3a31c663fc8704c7abd8,MIT License retained verbatim in artifact/rtl/ben-marshall-uart/upstream/LICENSE,2026-09-15,public RTL scientific input,Exact GitHub source files and blob identifiers inspected and retained,Unmodified TX/RX source retained; declaration-order-only generated compatibility copies; deterministic loopback simulation,One auditable public-RTL source-to-trace-to-finite-language bridge with exact source identity.,Upstream no; generated compatibility copies move declarations only
Icarus Verilog,https://github.com/steveicarus/iverilog,GNU GPL; executable and source are not redistributed in the artifact,2026-09-15,external HDL simulator,Prebuilt Icarus Verilog 13 executable used locally; version and compile log checked,Generated and independently regenerated retained UART traces; default artifact replay does not require it,Deterministic execution of the pinned public-RTL testbench for the retained simulation bridge.,no
EDAPack portable Icarus Verilog build provenance,https://github.com/EDAPack/iverilog-bin,Upstream project and build licenses; no binary redistributed,2026-09-15,runtime build provenance,GitHub Actions artifact from the public build repository used only in the working environment,Execution-only dependency for the optional source-level regeneration; excluded from delivered archives,Provenance of the local portable Icarus executable used for the clean source-level rerun.,no
