key,title,venue_year,source_url,access_date,reading_depth,passage_basis,relevant_content,retained_delta_or_limit,calibration_category,recognition_status,sections,bibliography_size,figure_table_roles
overview,"Post-Silicon Validation: Opportunities, Challenges and Recent Advances",DAC 2010,https://doi.org/10.1145/1837274.1837280,2026-09-12,bibliographic metadata and abstract/available snippet checked; no complete full-paper claim,Author-hosted record; publisher DOI 10.1145/1837274.1837280,"Historical survey of post-silicon validation challenges, observability limits, and the distinction from pre-silicon verification and manufacturing test.",Background only; it motivates observability challenges but is not a source for the certificate theorem.,adjacent post-silicon / design-automation paper,no award or recognition status asserted,not counted as full-paper calibration,not counted,not counted
ifra08,IFRA: Instruction Footprint Recording and Analysis for Post-Silicon Bug Localization in Processors,DAC 2008,https://doi.org/10.1145/1391469.1391569,2026-09-12,bibliographic metadata and abstract/available snippet checked; no complete full-paper claim,Publisher metadata; Stanford RSG bibliography; related technical-report chapter introduction only,Original instruction-footprint recording and analysis method for narrowing processor bug locations after silicon.,"Provides stronger processor, execution, or protocol grounding; it does not supply the tap-labelled bounded-row-loss frontier certificate or per-pair projection theorem claimed here.",adjacent post-silicon / design-automation paper,field-influential/foundational candidate; no award claim made,not counted as full-paper calibration,not counted,not counted
ifra09,Post-Silicon Bug Localization in Processors Using Instruction Footprint Recording and Analysis (IFRA),IEEE TCAD 2009,https://doi.org/10.1109/TCAD.2009.2030595,2026-09-12,bibliographic metadata and abstract or author record checked; no complete full-paper claim,Publisher/RSG record,Journal treatment of IFRA with processor-oriented instruction-footprint localization.,"Provides stronger processor, execution, or protocol grounding; it does not supply the tap-labelled bounded-row-loss frontier certificate or per-pair projection theorem claimed here.",closest IEEE TCAD paper,no award or recognition status asserted,not counted as full-paper calibration,not counted,not counted
ga24,Post-Silicon Trace Signal Selection Using Genetic Algorithm,Proc. IEEE Asian Test Symposium (ATS) 2024,https://doi.org/10.1109/ATS64447.2024.10915396,2026-09-12,bibliographic metadata and abstract/available snippet checked; no complete full-paper claim,Publisher/author bibliographic record and available abstract or indexed passage; no unseen passage is attributed.,Genetic-algorithm trace-signal selection under a post-silicon selection objective.,"Optimizes access, restoration, detection, triggering, or localization under a different observation/cost objective; not evidence of universal class separation under independent silent row deletion.",adjacent post-silicon / design-automation paper,no award or recognition status asserted,not counted as full-paper calibration,not counted,not counted
sanjaya24,Assertion-Based Validation Using Clustering and Dynamic Refinement of Hardware Checkers,ACM TODAES 2024,https://doi.org/10.1145/3696108,2026-09-12,bibliographic metadata and abstract/available snippet checked; no complete full-paper claim,Publisher/author bibliographic record and available abstract or indexed passage; no unseen passage is attributed.,Assertion-based validation with clustering and dynamic refinement of hardware checkers.,"Optimizes access, restoration, detection, triggering, or localization under a different observation/cost objective; not evidence of universal class separation under independent silent row deletion.",adjacent post-silicon / design-automation paper,no award or recognition status asserted,not counted as full-paper calibration,not counted,not counted
abramovici06,A Reconfigurable Design-for-Debug Infrastructure for SoCs,DAC 2006,https://doi.org/10.1145/1146909.1146916,2026-09-12,bibliographic metadata and abstract/available snippet checked; no complete full-paper claim,Publisher/author bibliographic record and available abstract or indexed passage; no unseen passage is attributed.,Reconfigurable design-for-debug architecture for internal access and observation in SoCs.,"Optimizes access, restoration, detection, triggering, or localization under a different observation/cost objective; not evidence of universal class separation under independent silent row deletion.",adjacent post-silicon / design-automation paper,no award or recognition status asserted,not counted as full-paper calibration,not counted,not counted
rootselaar99,Silicon Debug: Scan Chains Alone Are Not Enough,Proc. Int. Test Conference (ITC) 1999,https://doi.org/10.1109/TEST.1999.805821,2026-09-12,bibliographic metadata and abstract/available snippet checked; no complete full-paper claim,Publisher/author bibliographic record and available abstract or indexed passage; no unseen passage is attributed.,Early argument that scan chains alone do not provide sufficient silicon-debug observability.,"Optimizes access, restoration, detection, triggering, or localization under a different observation/cost objective; not evidence of universal class separation under independent silent row deletion.",adjacent post-silicon / design-automation paper,no award or recognition status asserted,not counted as full-paper calibration,not counted,not counted
caty05,Microprocessor Silicon Debug Based on Failure Propagation Tracing,Proc. Int. Test Conference (ITC) 2005,https://doi.org/10.1109/TEST.2005.1583986,2026-09-12,bibliographic metadata and abstract/available snippet checked; no complete full-paper claim,Publisher/author bibliographic record and available abstract or indexed passage; no unseen passage is attributed.,Failure-propagation tracing for microprocessor silicon debug.,"Optimizes access, restoration, detection, triggering, or localization under a different observation/cost objective; not evidence of universal class separation under independent silent row deletion.",adjacent post-silicon / design-automation paper,no award or recognition status asserted,not counted as full-paper calibration,not counted,not counted
ko,Algorithms for State Restoration and Trace-Signal Selection for Data Acquisition in Silicon Debug,IEEE TCAD 2009,https://doi.org/10.1109/TCAD.2008.2009158,2026-09-12,bibliographic metadata and abstract or author record checked; no complete full-paper claim,Publisher indexed record; original papers citing its objective,State-restoration algorithms and trace-signal selection for bounded on-chip storage.,"Optimizes access, restoration, detection, triggering, or localization under a different observation/cost objective; not evidence of universal class separation under independent silent row deletion.",closest IEEE TCAD paper,no award or recognition status asserted,not counted as full-paper calibration,not counted,not counted
ko_rtl,Automated Trace Signals Selection Using the RTL Descriptions,ITC 2010,https://doi.org/10.1109/TEST.2010.5699214,2026-09-12,bibliographic metadata and abstract/available snippet checked; no complete full-paper claim,Publisher/author bibliographic record and available abstract or indexed passage; no unseen passage is attributed.,RTL-based automated trace-signal selection.,"Optimizes access, restoration, detection, triggering, or localization under a different observation/cost objective; not evidence of universal class separation under independent silent row deletion.",adjacent post-silicon / design-automation paper,no award or recognition status asserted,not counted as full-paper calibration,not counted,not counted
ko_scan,Combining Scan and Trace Buffers for Enhancing Real-Time Observability in Post-Silicon Debugging,Proc. IEEE European Test Symposium (ETS) 2010,https://doi.org/10.1109/ETSYM.2010.5512781,2026-09-12,bibliographic metadata and abstract/available snippet checked; no complete full-paper claim,Publisher/author bibliographic record and available abstract or indexed passage; no unseen passage is attributed.,Combines scan and trace buffers to improve real-time observability.,"Optimizes access, restoration, detection, triggering, or localization under a different observation/cost objective; not evidence of universal class separation under independent silent row deletion.",adjacent post-silicon / design-automation paper,no award or recognition status asserted,not counted as full-paper calibration,not counted,not counted
liu,On Signal Selection for Visibility Enhancement in Trace-Based Post-Silicon Validation,IEEE TCAD 2012,https://doi.org/10.1109/TCAD.2012.2189395,2026-09-12,bibliographic metadata and abstract or author record checked; no complete full-paper claim,Publisher indexed record,Visibility-enhancing signal selection for trace-based post-silicon validation.,"Optimizes access, restoration, detection, triggering, or localization under a different observation/cost objective; not evidence of universal class separation under independent silent row deletion.",closest IEEE TCAD paper,no award or recognition status asserted,not counted as full-paper calibration,not counted,not counted
yang,Efficient Trace Signal Selection for Silicon Debug by Error Transmission Analysis,IEEE TCAD 2012,https://doi.org/10.1109/TCAD.2011.2171184,2026-09-12,bibliographic metadata and abstract or author record checked; no complete full-paper claim,Author-uploaded original paper excerpts; metadata,Error-transmission analysis for selecting trace signals that expose erroneous behavior.,"Optimizes access, restoration, detection, triggering, or localization under a different observation/cost objective; not evidence of universal class separation under independent silent row deletion.",closest IEEE TCAD paper,no award or recognition status asserted,not counted as full-paper calibration,not counted,not counted
rats,RATS: Restoration-Aware Trace Signal Selection for Post-Silicon Validation,IEEE TVLSI 2013,https://doi.org/10.1109/TVLSI.2012.2192457,2026-09-12,substantive partial full-PDF reading,pp.1-4 including total-restorability argument; p.1 visually inspected,Restoration-aware trace-signal selection using a more accurate restoration metric.,"Optimizes access, restoration, detection, triggering, or localization under a different observation/cost objective; not evidence of universal class separation under independent silent row deletion.",adjacent post-silicon / design-automation paper,no award or recognition status asserted,introduction; related work; proposed methods observed,not counted,circuit diagrams and restoration comparisons
basu11,Efficient Trace Signal Selection for Post Silicon Validation and Debug,Proc. Int. Conf. VLSI Design 2011,https://doi.org/10.1109/VLSID.2011.14,2026-09-12,bibliographic metadata and abstract/available snippet checked; no complete full-paper claim,Publisher/author bibliographic record and available abstract or indexed passage; no unseen passage is attributed.,Structural trace-signal selection for restoration-oriented post-silicon validation.,"Optimizes access, restoration, detection, triggering, or localization under a different observation/cost objective; not evidence of universal class separation under independent silent row deletion.",adjacent post-silicon / design-automation paper,no award or recognition status asserted,not counted as full-paper calibration,not counted,not counted
basu_scan,Efficient Combination of Trace and Scan Signals for Post Silicon Validation and Debug,ITC 2011,https://doi.org/10.1109/TEST.2011.6139157,2026-09-12,bibliographic metadata and abstract/available snippet checked; no complete full-paper claim,Publisher/author bibliographic record and available abstract or indexed passage; no unseen passage is attributed.,Joint selection of trace and scan signals.,"Optimizes access, restoration, detection, triggering, or localization under a different observation/cost objective; not evidence of universal class separation under independent silent row deletion.",adjacent post-silicon / design-automation paper,no award or recognition status asserted,not counted as full-paper calibration,not counted,not counted
basu_dynamic,Dynamic Selection of Trace Signals for Post-Silicon Debug,Proc. Int. Workshop Microprocessor Test and Verification (MTV) 2013,https://doi.org/10.1109/MTV.2013.13,2026-09-12,bibliographic metadata and abstract/available snippet checked; no complete full-paper claim,Publisher/author bibliographic record and available abstract or indexed passage; no unseen passage is attributed.,Runtime/dynamic reconfiguration of traced signals across a debug interval.,"Optimizes access, restoration, detection, triggering, or localization under a different observation/cost objective; not evidence of universal class separation under independent silent row deletion.",adjacent post-silicon / design-automation paper,no award or recognition status asserted,not counted as full-paper calibration,not counted,not counted
chatterjee11,Simulation-Based Signal Selection for State Restoration in Silicon Debug,ICCAD 2011,https://doi.org/10.1109/ICCAD.2011.6105391,2026-09-12,bibliographic metadata and abstract/available snippet checked; no complete full-paper claim,Publisher/author bibliographic record and available abstract or indexed passage; no unseen passage is attributed.,Simulation-based signal selection targeted at state restoration.,"Optimizes access, restoration, detection, triggering, or localization under a different observation/cost objective; not evidence of universal class separation under independent silent row deletion.",adjacent post-silicon / design-automation paper,no award or recognition status asserted,not counted as full-paper calibration,not counted,not counted
hung13,Scalable Signal Selection for Post-Silicon Debug,IEEE TVLSI 2013,https://doi.org/10.1109/TVLSI.2012.2202409,2026-09-12,bibliographic metadata and abstract/available snippet checked; no complete full-paper claim,Publisher/author bibliographic record and available abstract or indexed passage; no unseen passage is attributed.,Scalable signal-selection methods for post-silicon debug.,"Optimizes access, restoration, detection, triggering, or localization under a different observation/cost objective; not evidence of universal class separation under independent silent row deletion.",adjacent post-silicon / design-automation paper,no award or recognition status asserted,not counted as full-paper calibration,not counted,not counted
li_davoodi14,A Hybrid Approach for Fast and Accurate Trace Signal Selection for Post-Silicon Debug,IEEE TCAD 2014,https://doi.org/10.1109/TCAD.2014.2307533,2026-09-12,bibliographic metadata and abstract or author record checked; no complete full-paper claim,Publisher/author bibliographic record and available abstract or indexed passage; no unseen passage is attributed.,Hybrid signal selection combining simulation quality with metric-based speed.,"Optimizes access, restoration, detection, triggering, or localization under a different observation/cost objective; not evidence of universal class separation under independent silent row deletion.",closest IEEE TCAD paper,no award or recognition status asserted,not counted as full-paper calibration,not counted,not counted
rahmani,Efficient Trace Signal Selection Using Augmentation and ILP Techniques,Proc. Int. Symp. Quality Electronic Design (ISQED) 2014,https://doi.org/10.1109/ISQED.2014.6783318,2026-09-12,substantive partial full-PDF reading,pp.1-5 including augmentation and ILP selection; p.1 visually checked,Augmentation and integer-linear-programming formulation for trace-signal selection.,"Optimizes access, restoration, detection, triggering, or localization under a different observation/cost objective; not evidence of universal class separation under independent silent row deletion.",adjacent post-silicon / design-automation paper,no award or recognition status asserted,introduction; motivation; method; evaluation observed,not counted,algorithm examples and performance comparisons
rahmani_scan,Efficient Selection of Trace and Scan Signals for Post-Silicon Debug,IEEE TVLSI 2016,https://doi.org/10.1109/TVLSI.2015.2396083,2026-09-12,bibliographic metadata and abstract/available snippet checked; no complete full-paper claim,Publisher/author bibliographic record and available abstract or indexed passage; no unseen passage is attributed.,Joint trace/scan selection for post-silicon debug.,"Optimizes access, restoration, detection, triggering, or localization under a different observation/cost objective; not evidence of universal class separation under independent silent row deletion.",adjacent post-silicon / design-automation paper,no award or recognition status asserted,not counted as full-paper calibration,not counted,not counted
rahmani_ml,Post-Silicon Trace Signal Selection Using Machine Learning Techniques,IEEE TVLSI 2017,https://doi.org/10.1109/TVLSI.2016.2593902,2026-09-12,bibliographic metadata and abstract/available snippet checked; no complete full-paper claim,Publisher/author bibliographic record and available abstract or indexed passage; no unseen passage is attributed.,Machine-learning-guided trace-signal selection.,"Optimizes access, restoration, detection, triggering, or localization under a different observation/cost objective; not evidence of universal class separation under independent silent row deletion.",adjacent post-silicon / design-automation paper,no award or recognition status asserted,not counted as full-paper calibration,not counted,not counted
shojaei10,Trace Signal Selection to Enhance Timing and Logic Visibility in Post-Silicon Validation,ICCAD 2010,https://doi.org/10.1109/ICCAD.2010.5654123,2026-09-12,bibliographic metadata and abstract/available snippet checked; no complete full-paper claim,Publisher/author bibliographic record and available abstract or indexed passage; no unseen passage is attributed.,Signal selection addressing timing and logic visibility.,"Optimizes access, restoration, detection, triggering, or localization under a different observation/cost objective; not evidence of universal class separation under independent silent row deletion.",adjacent post-silicon / design-automation paper,no award or recognition status asserted,not counted as full-paper calibration,not counted,not counted
prabhakar09,Using Non-Trivial Logic Implications for Trace Buffer-Based Silicon Debug,Proc. Asian Test Symposium (ATS) 2009,https://doi.org/10.1109/ATS.2009.20,2026-09-12,bibliographic metadata and abstract/available snippet checked; no complete full-paper claim,Publisher/author bibliographic record and available abstract or indexed passage; no unseen passage is attributed.,Uses non-trivial logic implications to improve trace-buffer-based debug.,"Optimizes access, restoration, detection, triggering, or localization under a different observation/cost objective; not evidence of universal class separation under independent silent row deletion.",adjacent post-silicon / design-automation paper,no award or recognition status asserted,not counted as full-paper calibration,not counted,not counted
han13,Enhanced Algorithm of Combining Trace and Scan Signals in Post-Silicon Validation,Proc. IEEE VLSI Test Symposium (VTS) 2013,https://doi.org/10.1109/VTS.2013.6548915,2026-09-12,bibliographic metadata and abstract/available snippet checked; no complete full-paper claim,Publisher/author bibliographic record and available abstract or indexed passage; no unseen passage is attributed.,Algorithm for combining trace and scan observations.,"Optimizes access, restoration, detection, triggering, or localization under a different observation/cost objective; not evidence of universal class separation under independent silent row deletion.",adjacent post-silicon / design-automation paper,no award or recognition status asserted,not counted as full-paper calibration,not counted,not counted
taatizadeh16,Automated Selection of Assertions for Bit-Flip Detection During Post-Silicon Validation,IEEE TCAD 2016,https://doi.org/10.1109/TCAD.2016.2538087,2026-09-12,bibliographic metadata and abstract or author record checked; no complete full-paper claim,Publisher/author bibliographic record and available abstract or indexed passage; no unseen passage is attributed.,Assertion selection for post-silicon bit-flip detection.,"Optimizes access, restoration, detection, triggering, or localization under a different observation/cost objective; not evidence of universal class separation under independent silent row deletion.",closest IEEE TCAD paper,no award or recognition status asserted,not counted as full-paper calibration,not counted,not counted
vali16,Bit-Flip Detection-Driven Selection of Trace Signals,Proc. IEEE European Test Symposium (ETS) 2016,https://doi.org/10.1109/ETS.2016.7519315,2026-09-12,bibliographic metadata and abstract/available snippet checked; no complete full-paper claim,Publisher/author bibliographic record and available abstract or indexed passage; no unseen passage is attributed.,Trace-signal selection driven by bit-flip detection rather than state restoration.,"Optimizes access, restoration, detection, triggering, or localization under a different observation/cost objective; not evidence of universal class separation under independent silent row deletion.",adjacent post-silicon / design-automation paper,no award or recognition status asserted,not counted as full-paper calibration,not counted,not counted
cluster19,Cluster Restoration-Based Trace Signal Selection for Post-Silicon Debug,IEEE TCAD 2019,https://doi.org/10.1109/TCAD.2018.2818690,2026-09-12,bibliographic metadata and abstract or author record checked; no complete full-paper claim,Publisher/author bibliographic record and available abstract or indexed passage; no unseen passage is attributed.,Cluster restoration and a cluster-level signal-selection metric.,"Optimizes access, restoration, detection, triggering, or localization under a different observation/cost objective; not evidence of universal class separation under independent silent row deletion.",closest IEEE TCAD paper,no award or recognition status asserted,not counted as full-paper calibration,not counted,not counted
trigger18,On Trace Buffer Reuse-Based Trigger Generation in Post-Silicon Debug,IEEE TCAD 2018,https://doi.org/10.1109/TCAD.2017.2778084,2026-09-12,bibliographic metadata and abstract or author record checked; no complete full-paper claim,Publisher/author bibliographic record and available abstract or indexed passage; no unseen passage is attributed.,Reuses trace-buffer structures in trigger generation.,"Optimizes access, restoration, detection, triggering, or localization under a different observation/cost objective; not evidence of universal class separation under independent silent row deletion.",closest IEEE TCAD paper,no award or recognition status asserted,not counted as full-paper calibration,not counted,not counted
gate20,Post-Silicon Gate-Level Error Localization With Effective and Combined Trace Signal Selection,IEEE TCAD 2020,https://doi.org/10.1109/TCAD.2018.2883899,2026-09-12,bibliographic metadata and abstract or author record checked; no complete full-paper claim,Publisher/author bibliographic record and available abstract or indexed passage; no unseen passage is attributed.,Gate-level error localization coupled with trace-signal selection.,"Optimizes access, restoration, detection, triggering, or localization under a different observation/cost objective; not evidence of universal class separation under independent silent row deletion.",closest IEEE TCAD paper,no award or recognition status asserted,not counted as full-paper calibration,not counted,not counted
pal,Emphasizing Functional Relevance Over State Restoration in Post-Silicon Signal Tracing,IEEE TCAD 2020,https://doi.org/10.1109/TCAD.2018.2887047,2026-09-12,substantive partial full-PDF reading,pp.1; method PRoN passages; evaluation pp.10-11; p.1 and p.11 visual checks; metadata confirmed by author page,Functional relevance as an alternative objective to state restoration.,"Optimizes access, restoration, detection, triggering, or localization under a different observation/cost objective; not evidence of universal class separation under independent silent row deletion.",closest IEEE TCAD paper,no award or recognition status asserted,motivation; metric critique; method; experiments observed,not counted,netlist concepts; restoration and behavioral-coverage plots
ma15,Can't See the Forest for the Trees: State Restoration's Limitations in Post-Silicon Trace Signal Selection,ICCAD 2015,https://doi.org/10.1109/ICCAD.2015.7372542,2026-09-12,bibliographic metadata and abstract/available snippet checked; no complete full-paper claim,Publisher/author bibliographic record and available abstract or indexed passage; no unseen passage is attributed.,Shows limitations of treating state restoration as the sole signal-selection objective.,"Optimizes access, restoration, detection, triggering, or localization under a different observation/cost objective; not evidence of universal class separation under independent silent row deletion.",adjacent post-silicon / design-automation paper,no award or recognition status asserted,not counted as full-paper calibration,not counted,not counted
cao17,A Post-Silicon Trace Analysis Approach for System-on-Chip Protocol Debug,Proc. IEEE Int. Conf. Computer Design (ICCD) 2017,https://doi.org/10.1109/ICCD.2017.35,2026-09-12,bibliographic metadata and abstract/available snippet checked; no complete full-paper claim,Publisher/author bibliographic record and available abstract or indexed passage; no unseen passage is attributed.,Protocol-aware trace analysis for SoC debugging.,"Provides stronger processor, execution, or protocol grounding; it does not supply the tap-labelled bounded-row-loss frontier certificate or per-pair projection theorem claimed here.",adjacent post-silicon / design-automation paper,no award or recognition status asserted,not counted as full-paper calibration,not counted,not counted
memory15,Post-Silicon Validation of Multiprocessor Memory Consistency,IEEE TCAD 2015,https://doi.org/10.1109/TCAD.2015.2402171,2026-09-12,"substantive full-PDF reading; abstract, method, limitations, and evaluation passages checked","Author-hosted 11-page IEEE PDF: abstract, system overview, graph construction, strengths/limitations, and evaluation sections inspected.",Domain-specific logging and cycle analysis for multiprocessor memory-consistency validation.,"Provides stronger processor, execution, or protocol grounding; it does not supply the tap-labelled bounded-row-loss frontier certificate or per-pair projection theorem claimed here.",closest IEEE TCAD paper,no award or recognition status asserted,abstract; introduction; system overview; logging and graph construction; strengths and limitations; evaluation; conclusion,37 references visible in full PDF,"system architecture, timeline, memory-access graphs, logging mechanism, bug-detection and storage-sensitivity plots"
blog10,BLoG: Post-Silicon Bug Localization in Processors Using Bug Localization Graphs,DAC 2010,https://doi.org/10.1145/1837274.1837367,2026-09-12,bibliographic metadata and abstract/available snippet checked; no complete full-paper claim,Publisher/author bibliographic record and available abstract or indexed passage; no unseen passage is attributed.,Processor bug-localization graphs for narrowing candidate hardware structures.,"Provides stronger processor, execution, or protocol grounding; it does not supply the tap-labelled bounded-row-loss frontier certificate or per-pair projection theorem claimed here.",adjacent post-silicon / design-automation paper,no award or recognition status asserted,not counted as full-paper calibration,not counted,not counted
qed10,QED: Quick Error Detection Tests for Effective Post-Silicon Validation,ITC 2010,https://doi.org/10.1109/TEST.2010.5699215,2026-09-12,bibliographic metadata and abstract/available snippet checked; no complete full-paper claim,Publisher/author bibliographic record and available abstract or indexed passage; no unseen passage is attributed.,Transforms validation tests to shorten error-detection latency.,"Provides stronger processor, execution, or protocol grounding; it does not supply the tap-labelled bounded-row-loss frontier certificate or per-pair projection theorem claimed here.",adjacent post-silicon / design-automation paper,no award or recognition status asserted,not counted as full-paper calibration,not counted,not counted
qedtcad14,Effective Post-Silicon Validation of System-on-Chips Using Quick Error Detection,IEEE TCAD 2014,https://doi.org/10.1109/TCAD.2014.2334301,2026-09-12,bibliographic metadata and abstract or author record checked; no complete full-paper claim,Publisher/author bibliographic record and available abstract or indexed passage; no unseen passage is attributed.,System-on-chip QED methodology and evaluation.,"Provides stronger processor, execution, or protocol grounding; it does not supply the tap-labelled bounded-row-loss frontier certificate or per-pair projection theorem claimed here.",closest IEEE TCAD paper,no award or recognition status asserted,not counted as full-paper calibration,not counted,not counted
sqed,A Structured Approach to Post-Silicon Validation and Debug Using Symbolic Quick Error Detection,ITC 2015,https://doi.org/10.1109/TEST.2015.7342397,2026-09-12,bibliographic metadata and abstract/available snippet checked; no complete full-paper claim,p.1 text and screenshot; author publication record confirms ITC 2015 pp.1-10; DOI 10.1109/TEST.2015.7342397,Combines QED traces with symbolic/formal analysis.,"Provides stronger processor, execution, or protocol grounding; it does not supply the tap-labelled bounded-row-loss frontier certificate or per-pair projection theorem claimed here.",adjacent post-silicon / design-automation paper,no award or recognition status asserted,not counted as full-paper calibration,not counted,not counted
eqed,E-QED: Electrical Bug Localization During Post-Silicon Validation Enabled by Quick Error Detection and Formal Methods,CAV 2017,https://doi.org/10.1007/978-3-319-63390-9_6,2026-09-12,substantive partial full-PDF reading,abstract; signature/BMC/neighbor-consistency sections; evaluation portions; p.1 visual check; author publication record confirms CAV 2017 pp.104-125 (https://theory.stanford.edu/~barrett/pubs/index.html),Electrical-bug localization using QED and formal reasoning.,"Provides stronger processor, execution, or protocol grounding; it does not supply the tap-labelled bounded-row-loss frontier certificate or per-pair projection theorem claimed here.",adjacent post-silicon / design-automation paper,no award or recognition status asserted,introduction; hardware support; localization; evaluation observed,not counted,signature architecture; experimental tables
backspace,BackSpace: Formal Analysis for Post-Silicon Debug,FMCAD 2008,https://doi.org/10.1109/FMCAD.2008.ECP.9,2026-09-12,bibliographic metadata and abstract/available snippet checked; no complete full-paper claim,Publisher/author bibliographic record and available abstract or indexed passage; no unseen passage is attributed.,Formal reconstruction and analysis of post-silicon executions.,"Provides stronger processor, execution, or protocol grounding; it does not supply the tap-labelled bounded-row-loss frontier certificate or per-pair projection theorem claimed here.",adjacent post-silicon / design-automation paper,no award or recognition status asserted,not counted as full-paper calibration,not counted,not counted
deorio11,Post-Silicon Bug Diagnosis With Inconsistent Executions,ICCAD 2011,https://doi.org/10.1109/ICCAD.2011.6105414,2026-09-12,bibliographic metadata and abstract/available snippet checked; no complete full-paper claim,Publisher/author bibliographic record and available abstract or indexed passage; no unseen passage is attributed.,Bug diagnosis under inconsistent post-silicon executions.,"Provides stronger processor, execution, or protocol grounding; it does not supply the tap-labelled bounded-row-loss frontier certificate or per-pair projection theorem claimed here.",adjacent post-silicon / design-automation paper,no award or recognition status asserted,not counted as full-paper calibration,not counted,not counted
sampath95,Diagnosability of Discrete-Event Systems,IEEE TAC 1995,https://doi.org/10.1109/9.412626,2026-09-12,bibliographic metadata and relevant abstract/available passage checked; full-paper depth recorded only where stated,Publisher/author bibliographic record and available abstract or indexed passage; no unseen passage is attributed.,Foundational language/observer formulation of diagnosability for discrete-event systems.,Broader diagnosis semantics are prior work; this manuscript claims only a finite fixed-horizon certificate and selected-coordinate preservation result for its explicit deletion contract.,adjacent diagnosability theory,field-influential/foundational candidate; no award claim made,not counted as full-paper calibration,not counted,not counted
jiang01,A Polynomial Algorithm for Testing Diagnosability of Discrete-Event Systems,IEEE TAC 2001,https://doi.org/10.1109/9.940942,2026-09-12,bibliographic metadata and relevant abstract/available passage checked; full-paper depth recorded only where stated,Publisher/author bibliographic record and available abstract or indexed passage; no unseen passage is attributed.,Polynomial verification of diagnosability in discrete-event systems.,Broader diagnosis semantics are prior work; this manuscript claims only a finite fixed-horizon certificate and selected-coordinate preservation result for its explicit deletion contract.,adjacent diagnosability theory,no award or recognition status asserted,not counted as full-paper calibration,not counted,not counted
yoo02,Polynomial-Time Verification of Diagnosability of Partially Observed Discrete-Event Systems,IEEE TAC 2002,https://doi.org/10.1109/TAC.2002.802763,2026-09-12,bibliographic metadata and relevant abstract/available passage checked; full-paper depth recorded only where stated,Publisher/author bibliographic record and available abstract or indexed passage; no unseen passage is attributed.,Polynomial-time diagnosability verification under partial observation.,Broader diagnosis semantics are prior work; this manuscript claims only a finite fixed-horizon certificate and selected-coordinate preservation result for its explicit deletion contract.,adjacent diagnosability theory,no award or recognition status asserted,not counted as full-paper calibration,not counted,not counted
thorsley05,Diagnosability of Stochastic Discrete-Event Systems,IEEE TAC 2005,https://doi.org/10.1109/TAC.2005.844722,2026-09-12,bibliographic metadata and relevant abstract/available passage checked; full-paper depth recorded only where stated,Publisher/author bibliographic record and available abstract or indexed passage; no unseen passage is attributed.,Diagnosability for stochastic discrete-event systems.,Broader diagnosis semantics are prior work; this manuscript claims only a finite fixed-horizon certificate and selected-coordinate preservation result for its explicit deletion contract.,adjacent diagnosability theory,no award or recognition status asserted,not counted as full-paper calibration,not counted,not counted
zaytoon13,Overview of Fault Diagnosis Methods for Discrete Event Systems,Annual Reviews in Control 2013,https://doi.org/10.1016/j.arcontrol.2013.09.009,2026-09-12,bibliographic metadata and relevant abstract/available passage checked; full-paper depth recorded only where stated,Publisher/author bibliographic record and available abstract or indexed passage; no unseen passage is attributed.,Survey and taxonomy of discrete-event-system fault diagnosis.,Broader diagnosis semantics are prior work; this manuscript claims only a finite fixed-horizon certificate and selected-coordinate preservation result for its explicit deletion contract.,adjacent diagnosability theory,no award or recognition status asserted,not counted as full-paper calibration,not counted,not counted
dong,A Uniform Framework for Diagnosis of Discrete-Event Systems With Unreliable Sensors Using Linear Temporal Logic,IEEE TAC 2024,https://doi.org/10.1109/TAC.2023.3266021,2026-09-12,substantive partial full-PDF reading,sensor model and Definition 3; p.1-6 selected passages,Diagnosis with unreliable sensors expressed through temporal assumptions.,Broader diagnosis semantics are prior work; this manuscript claims only a finite fixed-horizon certificate and selected-coordinate preservation result for its explicit deletion contract.,adjacent diagnosability theory,no award or recognition status asserted,model; diagnosis definition; verification observed,not counted,automata and sensor assumptions
zhong,Verification of Diagnosability for Cyber-Physical Systems: A Hybrid Barrier Certificate Approach,IEEE TAC 2026,https://doi.org/10.1109/TAC.2026.3669025,2026-09-12,substantive partial full-PDF reading,abstract; product-system and diagnosability definitions pp.4-5,Hybrid barrier-certificate approach to diagnosability verification for cyber-physical systems.,Broader diagnosis semantics are prior work; this manuscript claims only a finite fixed-horizon certificate and selected-coordinate preservation result for its explicit deletion contract.,adjacent diagnosability theory,no award or recognition status asserted,model; product construction; certificate methods observed,not counted,automaton and case study
wagner74,The String-to-String Correction Problem,J. ACM 1974,https://doi.org/10.1145/321796.321811,2026-09-12,bibliographic metadata and relevant abstract/available passage checked; full-paper depth recorded only where stated,Publisher/author bibliographic record and available abstract or indexed passage; no unseen passage is attributed.,Dynamic-programming foundation for edit distance and string correction.,The sequence-comparison algorithm or lower bound is prior work; only the labelled blocking witness and tap-core deduction are proposed here.,foundational sequence-comparison theory,field-influential/foundational candidate; no award claim made,not counted as full-paper calibration,not counted,not counted
hirschberg75,A Linear Space Algorithm for Computing Maximal Common Subsequences,Commun. ACM 1975,https://doi.org/10.1145/360825.360861,2026-09-12,bibliographic metadata and relevant abstract/available passage checked; full-paper depth recorded only where stated,Publisher/author bibliographic record and available abstract or indexed passage; no unseen passage is attributed.,Linear-space computation of a longest common subsequence.,The sequence-comparison algorithm or lower bound is prior work; only the labelled blocking witness and tap-core deduction are proposed here.,foundational sequence-comparison theory,field-influential/foundational candidate; no award claim made,not counted as full-paper calibration,not counted,not counted
hunt77,A Fast Algorithm for Computing Longest Common Subsequences,Commun. ACM 1977,https://doi.org/10.1145/359581.359603,2026-09-12,bibliographic metadata and relevant abstract/available passage checked; full-paper depth recorded only where stated,Publisher/author bibliographic record and available abstract or indexed passage; no unseen passage is attributed.,Sparse-match algorithm for longest common subsequences.,The sequence-comparison algorithm or lower bound is prior work; only the labelled blocking witness and tap-core deduction are proposed here.,foundational sequence-comparison theory,field-influential/foundational candidate; no award claim made,not counted as full-paper calibration,not counted,not counted
ukkonen85,Algorithms for Approximate String Matching,Information and Control 1985,https://doi.org/10.1016/S0019-9958(85)80046-2,2026-09-12,bibliographic metadata and relevant abstract/available passage checked; full-paper depth recorded only where stated,Publisher/author bibliographic record and available abstract or indexed passage; no unseen passage is attributed.,Banded/frontier methods for approximate string matching.,The sequence-comparison algorithm or lower bound is prior work; only the labelled blocking witness and tap-core deduction are proposed here.,foundational sequence-comparison theory,no award or recognition status asserted,not counted as full-paper calibration,not counted,not counted
myers,An $O(ND)$ Difference Algorithm and Its Variations,Algorithmica 1986,https://doi.org/10.1007/BF01840446,2026-09-12,bibliographic metadata and relevant abstract/available passage checked; full-paper depth recorded only where stated,Classical furthest-frontier mechanism also checked in Wu et al. Lemma 1,Furthest-reaching edit frontier underlying the certificate producer.,The sequence-comparison algorithm or lower bound is prior work; only the labelled blocking witness and tap-core deduction are proposed here.,foundational sequence-comparison theory,field-influential/foundational candidate; no award claim made,not counted as full-paper calibration,not counted,not counted
wu,An $O(NP)$ Sequence Comparison Algorithm,Information Processing Letters 1990,https://doi.org/10.1016/0020-0190(90)90035-V,2026-09-12,substantive partial full-PDF reading,Preprint pp.1-7; Lemma 1 and its proof visually checked; bibliography tail not fully read,Compressed sequence-comparison frontier and dominance argument.,The sequence-comparison algorithm or lower bound is prior work; only the labelled blocking witness and tap-core deduction are proposed here.,foundational sequence-comparison theory,no award or recognition status asserted,introduction; preliminaries; algorithm; implementation; conclusion observed,not counted,edit graphs; proof paths; runtime table
abboud15,Tight Hardness Results for LCS and Other Sequence Similarity Measures,FOCS 2015,https://doi.org/10.1109/FOCS.2015.14,2026-09-12,bibliographic metadata and relevant abstract/available passage checked; full-paper depth recorded only where stated,Publisher/author bibliographic record and available abstract or indexed passage; no unseen passage is attributed.,Fine-grained conditional lower bounds for general LCS and related measures.,The sequence-comparison algorithm or lower bound is prior work; only the labelled blocking witness and tap-core deduction are proposed here.,foundational sequence-comparison theory,no award or recognition status asserted,not counted as full-paper calibration,not counted,not counted
chvatal79,A Greedy Heuristic for the Set-Covering Problem,Mathematics of Operations Research 1979,https://doi.org/10.1287/moor.4.3.233,2026-09-12,bibliographic metadata and relevant abstract/available passage checked; full-paper depth recorded only where stated,Publisher/author bibliographic record and available abstract or indexed passage; no unseen passage is attributed.,Classical greedy set-cover analysis.,"General set-cover theory is prior; the artifact claims exact bounded enumeration and necessary alignment clauses, not a new approximation ratio.",foundational optimization theory,field-influential/foundational candidate; no award claim made,not counted as full-paper calibration,not counted,not counted
feige98,A Threshold of $\ln n$ for Approximating Set Cover,J. ACM 1998,https://doi.org/10.1145/285055.285059,2026-09-12,bibliographic metadata and relevant abstract/available passage checked; full-paper depth recorded only where stated,Publisher/author bibliographic record and available abstract or indexed passage; no unseen passage is attributed.,Hardness threshold for approximating set cover.,"General set-cover theory is prior; the artifact claims exact bounded enumeration and necessary alignment clauses, not a new approximation ratio.",foundational optimization theory,field-influential/foundational candidate; no award claim made,not counted as full-paper calibration,not counted,not counted
clarke01,Bounded Model Checking Using Satisfiability Solving,Formal Methods in System Design 2001,https://doi.org/10.1023/A:1011276507260,2026-09-12,bibliographic metadata and relevant abstract/available passage checked; full-paper depth recorded only where stated,Publisher/author bibliographic record and available abstract or indexed passage; no unseen passage is attributed.,SAT-based bounded model checking as finite witness search plus logical checking.,Producer/consumer certification is prior; the delivered Python checker is not proof-assistant verified.,foundational certifying/formal-methods theory,field-influential/foundational candidate; no award claim made,not counted as full-paper calibration,not counted,not counted
necula97,Proof-Carrying Code,Proc. ACM SIGPLAN-SIGACT Symposium on Principles of Programming Languages (POPL) 1997,https://doi.org/10.1145/263699.263712,2026-09-12,bibliographic metadata and relevant abstract/available passage checked; full-paper depth recorded only where stated,Publisher/author bibliographic record and available abstract or indexed passage; no unseen passage is attributed.,Proof-carrying code as a producer/consumer proof architecture.,Producer/consumer certification is prior; the delivered Python checker is not proof-assistant verified.,foundational certifying/formal-methods theory,field-influential/foundational candidate; no award claim made,not counted as full-paper calibration,not counted,not counted
mcconnell11,Certifying Algorithms,Computer Science Review 2011,https://doi.org/10.1016/j.cosrev.2010.09.009,2026-09-12,bibliographic metadata and relevant abstract/available passage checked; full-paper depth recorded only where stated,Publisher/author bibliographic record and available abstract or indexed passage; no unseen passage is attributed.,Certifying algorithms and independently checkable result witnesses.,Producer/consumer certification is prior; the delivered Python checker is not proof-assistant verified.,foundational certifying/formal-methods theory,no award or recognition status asserted,not counted as full-paper calibration,not counted,not counted
alkassar,A Framework for the Verification of Certifying Computations,Journal of Automated Reasoning 2014,https://doi.org/10.1007/s10817-013-9289-2,2026-09-12,bibliographic metadata and relevant abstract/available passage checked; full-paper depth recorded only where stated,Publisher abstract; arXiv:1301.7462,Mechanized framework for verification of certifying computations.,Producer/consumer certification is prior; the delivered Python checker is not proof-assistant verified.,foundational certifying/formal-methods theory,no award or recognition status asserted,not counted as full-paper calibration,not counted,not counted
benmarshall_uart,UART Transmitter and Receiver in Verilog,"Public source repository, 2021",https://github.com/ben-marshall/uart/tree/5fd2db850a41b65aa34f3a31c663fc8704c7abd8,2026-09-25,"Exact retained source, license, commit, blob identifiers, and testbench integration inspected",Byte-retained source files and MIT license in artifact/rtl/ben-marshall-uart/upstream; SOURCE.json records commit and blobs.,Concrete UART TX/RX RTL used solely as a pinned public source for the deterministic source-to-trace bridge.,Not scholarly evidence for the theorem or for physical post-silicon efficacy; one simulation design under controlled one-cycle interventions.,public RTL scientific input,not a research-paper calibration item,Artifact bridge only,not counted as a scholarly calibration paper,Source identity for the UART bridge; no third-party figure reused.
