key,title,file,section,snippet,ledger_relevance,ledger_delta_or_limit
overview,"Post-Silicon Validation: Opportunities, Challenges and Recent Advances",main.tex,Introduction,"Post-silicon research has developed reconfigurable debug fabrics, scan/trace combinations, restoration and visibility metrics, processor-specific recorders, and formal localization procedures~\cite{abramovici06,rootselaar99,caty05,overview,ga24,sanjaya24}. These contributions solve different observation problems. A set optimized for restoring internal state, propagating errors, detecting bit flips, or reconstructing a protocol is not automatically a certificate that every pair of classes in a declared task remains distinguishable after samples disappear. We study that narrower universal-separation question and do not claim a replacement for physical debug architectures or processor-localization systems.","Historical survey of post-silicon validation challenges, observability limits, and the distinction from pre-silicon verification and manufacturing test.",Background only; it motivates observability challenges but is not a source for the certificate theorem.
overview,"Post-Silicon Validation: Opportunities, Challenges and Recent Advances",main.tex,Post-silicon observation and localization,"\subsection{Post-silicon observation and localization} Debug infrastructures and surveys emphasize access, triggering, capture, and the validation gap~\cite{abramovici06,rootselaar99,caty05,overview,sanjaya24}. Restoration and visibility methods select signals for state inference or error exposure~\cite{ko,ko_rtl,ko_scan,liu,yang,rats}; simulation, structure, scan/trace mixtures, dynamic selection, and scalable approximations refine those objectives~\cite{basu11,basu_scan,basu_dynamic,chatterjee11,hung13,li_davoodi14,rahmani,rahmani_scan,rahmani_ml,shojaei10,prabhakar09,han13}. Detection, cluster restoration, trigger reuse, gate localization, and functional relevance optimize still other evidence~\cite{taatizadeh16,vali16,sanjaya24,cluster19,trigger18,gate20,pal,ma15}. None of those metrics is automatically the universal silent-row-loss predicate in~\eqref{eq:coverage}.","Historical survey of post-silicon validation challenges, observability limits, and the distinction from pre-silicon verification and manufacturing test.",Background only; it motivates observability challenges but is not a source for the certificate theorem.
ifra08,{IFRA}: Instruction Footprint Recording and Analysis for Post-Silicon Bug Localization in Processors,main.tex,Post-silicon observation and localization,"Execution-specific methods include IFRA and BLoG~\cite{ifra08,ifra09,blog10}, QED/S-QED/E-QED~\cite{qed10,qedtcad14,sqed,eqed}, protocol and memory-consistency localization~\cite{cao17,memory15}, and trace reconstruction or inconsistent-execution diagnosis~\cite{backspace,deorio11}. Their hardware grounding is stronger than our single UART simulation bridge; their outputs are not the tap-labelled $(d+1)^2$ obstruction or its projection theorem. This is a difference in object and guarantee, not a physical-performance claim.",Original instruction-footprint recording and analysis method for narrowing processor bug locations after silicon.,"Provides stronger processor, execution, or protocol grounding; it does not supply the tap-labelled bounded-row-loss frontier certificate or per-pair projection theorem claimed here."
ifra09,Post-Silicon Bug Localization in Processors Using Instruction Footprint Recording and Analysis ({IFRA}),main.tex,Post-silicon observation and localization,"Execution-specific methods include IFRA and BLoG~\cite{ifra08,ifra09,blog10}, QED/S-QED/E-QED~\cite{qed10,qedtcad14,sqed,eqed}, protocol and memory-consistency localization~\cite{cao17,memory15}, and trace reconstruction or inconsistent-execution diagnosis~\cite{backspace,deorio11}. Their hardware grounding is stronger than our single UART simulation bridge; their outputs are not the tap-labelled $(d+1)^2$ obstruction or its projection theorem. This is a difference in object and guarantee, not a physical-performance claim.",Journal treatment of IFRA with processor-oriented instruction-footprint localization.,"Provides stronger processor, execution, or protocol grounding; it does not supply the tap-labelled bounded-row-loss frontier certificate or per-pair projection theorem claimed here."
ga24,Post-Silicon Trace Signal Selection Using Genetic Algorithm,main.tex,Introduction,"Post-silicon research has developed reconfigurable debug fabrics, scan/trace combinations, restoration and visibility metrics, processor-specific recorders, and formal localization procedures~\cite{abramovici06,rootselaar99,caty05,overview,ga24,sanjaya24}. These contributions solve different observation problems. A set optimized for restoring internal state, propagating errors, detecting bit flips, or reconstructing a protocol is not automatically a certificate that every pair of classes in a declared task remains distinguishable after samples disappear. We study that narrower universal-separation question and do not claim a replacement for physical debug architectures or processor-localization systems.",Genetic-algorithm trace-signal selection under a post-silicon selection objective.,"Optimizes access, restoration, detection, triggering, or localization under a different observation/cost objective; not evidence of universal class separation under independent silent row deletion."
sanjaya24,Assertion-Based Validation Using Clustering and Dynamic Refinement of Hardware Checkers,main.tex,Introduction,"Post-silicon research has developed reconfigurable debug fabrics, scan/trace combinations, restoration and visibility metrics, processor-specific recorders, and formal localization procedures~\cite{abramovici06,rootselaar99,caty05,overview,ga24,sanjaya24}. These contributions solve different observation problems. A set optimized for restoring internal state, propagating errors, detecting bit flips, or reconstructing a protocol is not automatically a certificate that every pair of classes in a declared task remains distinguishable after samples disappear. We study that narrower universal-separation question and do not claim a replacement for physical debug architectures or processor-localization systems.",Assertion-based validation with clustering and dynamic refinement of hardware checkers.,"Optimizes access, restoration, detection, triggering, or localization under a different observation/cost objective; not evidence of universal class separation under independent silent row deletion."
sanjaya24,Assertion-Based Validation Using Clustering and Dynamic Refinement of Hardware Checkers,main.tex,Post-silicon observation and localization,"\subsection{Post-silicon observation and localization} Debug infrastructures and surveys emphasize access, triggering, capture, and the validation gap~\cite{abramovici06,rootselaar99,caty05,overview,sanjaya24}. Restoration and visibility methods select signals for state inference or error exposure~\cite{ko,ko_rtl,ko_scan,liu,yang,rats}; simulation, structure, scan/trace mixtures, dynamic selection, and scalable approximations refine those objectives~\cite{basu11,basu_scan,basu_dynamic,chatterjee11,hung13,li_davoodi14,rahmani,rahmani_scan,rahmani_ml,shojaei10,prabhakar09,han13}. Detection, cluster restoration, trigger reuse, gate localization, and functional relevance optimize still other evidence~\cite{taatizadeh16,vali16,sanjaya24,cluster19,trigger18,gate20,pal,ma15}. None of those metrics is automatically the universal silent-row-loss predicate in~\eqref{eq:coverage}.",Assertion-based validation with clustering and dynamic refinement of hardware checkers.,"Optimizes access, restoration, detection, triggering, or localization under a different observation/cost objective; not evidence of universal class separation under independent silent row deletion."
sanjaya24,Assertion-Based Validation Using Clustering and Dynamic Refinement of Hardware Checkers,main.tex,Post-silicon observation and localization,"\subsection{Post-silicon observation and localization} Debug infrastructures and surveys emphasize access, triggering, capture, and the validation gap~\cite{abramovici06,rootselaar99,caty05,overview,sanjaya24}. Restoration and visibility methods select signals for state inference or error exposure~\cite{ko,ko_rtl,ko_scan,liu,yang,rats}; simulation, structure, scan/trace mixtures, dynamic selection, and scalable approximations refine those objectives~\cite{basu11,basu_scan,basu_dynamic,chatterjee11,hung13,li_davoodi14,rahmani,rahmani_scan,rahmani_ml,shojaei10,prabhakar09,han13}. Detection, cluster restoration, trigger reuse, gate localization, and functional relevance optimize still other evidence~\cite{taatizadeh16,vali16,sanjaya24,cluster19,trigger18,gate20,pal,ma15}. None of those metrics is automatically the universal silent-row-loss predicate in~\eqref{eq:coverage}.",Assertion-based validation with clustering and dynamic refinement of hardware checkers.,"Optimizes access, restoration, detection, triggering, or localization under a different observation/cost objective; not evidence of universal class separation under independent silent row deletion."
abramovici06,A Reconfigurable Design-for-Debug Infrastructure for {SoCs},main.tex,Introduction,"Post-silicon research has developed reconfigurable debug fabrics, scan/trace combinations, restoration and visibility metrics, processor-specific recorders, and formal localization procedures~\cite{abramovici06,rootselaar99,caty05,overview,ga24,sanjaya24}. These contributions solve different observation problems. A set optimized for restoring internal state, propagating errors, detecting bit flips, or reconstructing a protocol is not automatically a certificate that every pair of classes in a declared task remains distinguishable after samples disappear. We study that narrower universal-separation question and do not claim a replacement for physical debug architectures or processor-localization systems.",Reconfigurable design-for-debug architecture for internal access and observation in SoCs.,"Optimizes access, restoration, detection, triggering, or localization under a different observation/cost objective; not evidence of universal class separation under independent silent row deletion."
abramovici06,A Reconfigurable Design-for-Debug Infrastructure for {SoCs},main.tex,Post-silicon observation and localization,"\subsection{Post-silicon observation and localization} Debug infrastructures and surveys emphasize access, triggering, capture, and the validation gap~\cite{abramovici06,rootselaar99,caty05,overview,sanjaya24}. Restoration and visibility methods select signals for state inference or error exposure~\cite{ko,ko_rtl,ko_scan,liu,yang,rats}; simulation, structure, scan/trace mixtures, dynamic selection, and scalable approximations refine those objectives~\cite{basu11,basu_scan,basu_dynamic,chatterjee11,hung13,li_davoodi14,rahmani,rahmani_scan,rahmani_ml,shojaei10,prabhakar09,han13}. Detection, cluster restoration, trigger reuse, gate localization, and functional relevance optimize still other evidence~\cite{taatizadeh16,vali16,sanjaya24,cluster19,trigger18,gate20,pal,ma15}. None of those metrics is automatically the universal silent-row-loss predicate in~\eqref{eq:coverage}.",Reconfigurable design-for-debug architecture for internal access and observation in SoCs.,"Optimizes access, restoration, detection, triggering, or localization under a different observation/cost objective; not evidence of universal class separation under independent silent row deletion."
rootselaar99,Silicon Debug: Scan Chains Alone Are Not Enough,main.tex,Introduction,"Post-silicon research has developed reconfigurable debug fabrics, scan/trace combinations, restoration and visibility metrics, processor-specific recorders, and formal localization procedures~\cite{abramovici06,rootselaar99,caty05,overview,ga24,sanjaya24}. These contributions solve different observation problems. A set optimized for restoring internal state, propagating errors, detecting bit flips, or reconstructing a protocol is not automatically a certificate that every pair of classes in a declared task remains distinguishable after samples disappear. We study that narrower universal-separation question and do not claim a replacement for physical debug architectures or processor-localization systems.",Early argument that scan chains alone do not provide sufficient silicon-debug observability.,"Optimizes access, restoration, detection, triggering, or localization under a different observation/cost objective; not evidence of universal class separation under independent silent row deletion."
rootselaar99,Silicon Debug: Scan Chains Alone Are Not Enough,main.tex,Post-silicon observation and localization,"\subsection{Post-silicon observation and localization} Debug infrastructures and surveys emphasize access, triggering, capture, and the validation gap~\cite{abramovici06,rootselaar99,caty05,overview,sanjaya24}. Restoration and visibility methods select signals for state inference or error exposure~\cite{ko,ko_rtl,ko_scan,liu,yang,rats}; simulation, structure, scan/trace mixtures, dynamic selection, and scalable approximations refine those objectives~\cite{basu11,basu_scan,basu_dynamic,chatterjee11,hung13,li_davoodi14,rahmani,rahmani_scan,rahmani_ml,shojaei10,prabhakar09,han13}. Detection, cluster restoration, trigger reuse, gate localization, and functional relevance optimize still other evidence~\cite{taatizadeh16,vali16,sanjaya24,cluster19,trigger18,gate20,pal,ma15}. None of those metrics is automatically the universal silent-row-loss predicate in~\eqref{eq:coverage}.",Early argument that scan chains alone do not provide sufficient silicon-debug observability.,"Optimizes access, restoration, detection, triggering, or localization under a different observation/cost objective; not evidence of universal class separation under independent silent row deletion."
caty05,Microprocessor Silicon Debug Based on Failure Propagation Tracing,main.tex,Introduction,"Post-silicon research has developed reconfigurable debug fabrics, scan/trace combinations, restoration and visibility metrics, processor-specific recorders, and formal localization procedures~\cite{abramovici06,rootselaar99,caty05,overview,ga24,sanjaya24}. These contributions solve different observation problems. A set optimized for restoring internal state, propagating errors, detecting bit flips, or reconstructing a protocol is not automatically a certificate that every pair of classes in a declared task remains distinguishable after samples disappear. We study that narrower universal-separation question and do not claim a replacement for physical debug architectures or processor-localization systems.",Failure-propagation tracing for microprocessor silicon debug.,"Optimizes access, restoration, detection, triggering, or localization under a different observation/cost objective; not evidence of universal class separation under independent silent row deletion."
caty05,Microprocessor Silicon Debug Based on Failure Propagation Tracing,main.tex,Post-silicon observation and localization,"\subsection{Post-silicon observation and localization} Debug infrastructures and surveys emphasize access, triggering, capture, and the validation gap~\cite{abramovici06,rootselaar99,caty05,overview,sanjaya24}. Restoration and visibility methods select signals for state inference or error exposure~\cite{ko,ko_rtl,ko_scan,liu,yang,rats}; simulation, structure, scan/trace mixtures, dynamic selection, and scalable approximations refine those objectives~\cite{basu11,basu_scan,basu_dynamic,chatterjee11,hung13,li_davoodi14,rahmani,rahmani_scan,rahmani_ml,shojaei10,prabhakar09,han13}. Detection, cluster restoration, trigger reuse, gate localization, and functional relevance optimize still other evidence~\cite{taatizadeh16,vali16,sanjaya24,cluster19,trigger18,gate20,pal,ma15}. None of those metrics is automatically the universal silent-row-loss predicate in~\eqref{eq:coverage}.",Failure-propagation tracing for microprocessor silicon debug.,"Optimizes access, restoration, detection, triggering, or localization under a different observation/cost objective; not evidence of universal class separation under independent silent row deletion."
ko,Algorithms for State Restoration and Trace-Signal Selection for Data Acquisition in Silicon Debug,main.tex,Post-silicon observation and localization,"\subsection{Post-silicon observation and localization} Debug infrastructures and surveys emphasize access, triggering, capture, and the validation gap~\cite{abramovici06,rootselaar99,caty05,overview,sanjaya24}. Restoration and visibility methods select signals for state inference or error exposure~\cite{ko,ko_rtl,ko_scan,liu,yang,rats}; simulation, structure, scan/trace mixtures, dynamic selection, and scalable approximations refine those objectives~\cite{basu11,basu_scan,basu_dynamic,chatterjee11,hung13,li_davoodi14,rahmani,rahmani_scan,rahmani_ml,shojaei10,prabhakar09,han13}. Detection, cluster restoration, trigger reuse, gate localization, and functional relevance optimize still other evidence~\cite{taatizadeh16,vali16,sanjaya24,cluster19,trigger18,gate20,pal,ma15}. None of those metrics is automatically the universal silent-row-loss predicate in~\eqref{eq:coverage}.",State-restoration algorithms and trace-signal selection for bounded on-chip storage.,"Optimizes access, restoration, detection, triggering, or localization under a different observation/cost objective; not evidence of universal class separation under independent silent row deletion."
ko_rtl,Automated Trace Signals Selection Using the {RTL} Descriptions,main.tex,Post-silicon observation and localization,"\subsection{Post-silicon observation and localization} Debug infrastructures and surveys emphasize access, triggering, capture, and the validation gap~\cite{abramovici06,rootselaar99,caty05,overview,sanjaya24}. Restoration and visibility methods select signals for state inference or error exposure~\cite{ko,ko_rtl,ko_scan,liu,yang,rats}; simulation, structure, scan/trace mixtures, dynamic selection, and scalable approximations refine those objectives~\cite{basu11,basu_scan,basu_dynamic,chatterjee11,hung13,li_davoodi14,rahmani,rahmani_scan,rahmani_ml,shojaei10,prabhakar09,han13}. Detection, cluster restoration, trigger reuse, gate localization, and functional relevance optimize still other evidence~\cite{taatizadeh16,vali16,sanjaya24,cluster19,trigger18,gate20,pal,ma15}. None of those metrics is automatically the universal silent-row-loss predicate in~\eqref{eq:coverage}.",RTL-based automated trace-signal selection.,"Optimizes access, restoration, detection, triggering, or localization under a different observation/cost objective; not evidence of universal class separation under independent silent row deletion."
ko_scan,Combining Scan and Trace Buffers for Enhancing Real-Time Observability in Post-Silicon Debugging,main.tex,Post-silicon observation and localization,"\subsection{Post-silicon observation and localization} Debug infrastructures and surveys emphasize access, triggering, capture, and the validation gap~\cite{abramovici06,rootselaar99,caty05,overview,sanjaya24}. Restoration and visibility methods select signals for state inference or error exposure~\cite{ko,ko_rtl,ko_scan,liu,yang,rats}; simulation, structure, scan/trace mixtures, dynamic selection, and scalable approximations refine those objectives~\cite{basu11,basu_scan,basu_dynamic,chatterjee11,hung13,li_davoodi14,rahmani,rahmani_scan,rahmani_ml,shojaei10,prabhakar09,han13}. Detection, cluster restoration, trigger reuse, gate localization, and functional relevance optimize still other evidence~\cite{taatizadeh16,vali16,sanjaya24,cluster19,trigger18,gate20,pal,ma15}. None of those metrics is automatically the universal silent-row-loss predicate in~\eqref{eq:coverage}.",Combines scan and trace buffers to improve real-time observability.,"Optimizes access, restoration, detection, triggering, or localization under a different observation/cost objective; not evidence of universal class separation under independent silent row deletion."
liu,On Signal Selection for Visibility Enhancement in Trace-Based Post-Silicon Validation,main.tex,Post-silicon observation and localization,"\subsection{Post-silicon observation and localization} Debug infrastructures and surveys emphasize access, triggering, capture, and the validation gap~\cite{abramovici06,rootselaar99,caty05,overview,sanjaya24}. Restoration and visibility methods select signals for state inference or error exposure~\cite{ko,ko_rtl,ko_scan,liu,yang,rats}; simulation, structure, scan/trace mixtures, dynamic selection, and scalable approximations refine those objectives~\cite{basu11,basu_scan,basu_dynamic,chatterjee11,hung13,li_davoodi14,rahmani,rahmani_scan,rahmani_ml,shojaei10,prabhakar09,han13}. Detection, cluster restoration, trigger reuse, gate localization, and functional relevance optimize still other evidence~\cite{taatizadeh16,vali16,sanjaya24,cluster19,trigger18,gate20,pal,ma15}. None of those metrics is automatically the universal silent-row-loss predicate in~\eqref{eq:coverage}.",Visibility-enhancing signal selection for trace-based post-silicon validation.,"Optimizes access, restoration, detection, triggering, or localization under a different observation/cost objective; not evidence of universal class separation under independent silent row deletion."
yang,Efficient Trace Signal Selection for Silicon Debug by Error Transmission Analysis,main.tex,Post-silicon observation and localization,"\subsection{Post-silicon observation and localization} Debug infrastructures and surveys emphasize access, triggering, capture, and the validation gap~\cite{abramovici06,rootselaar99,caty05,overview,sanjaya24}. Restoration and visibility methods select signals for state inference or error exposure~\cite{ko,ko_rtl,ko_scan,liu,yang,rats}; simulation, structure, scan/trace mixtures, dynamic selection, and scalable approximations refine those objectives~\cite{basu11,basu_scan,basu_dynamic,chatterjee11,hung13,li_davoodi14,rahmani,rahmani_scan,rahmani_ml,shojaei10,prabhakar09,han13}. Detection, cluster restoration, trigger reuse, gate localization, and functional relevance optimize still other evidence~\cite{taatizadeh16,vali16,sanjaya24,cluster19,trigger18,gate20,pal,ma15}. None of those metrics is automatically the universal silent-row-loss predicate in~\eqref{eq:coverage}.",Error-transmission analysis for selecting trace signals that expose erroneous behavior.,"Optimizes access, restoration, detection, triggering, or localization under a different observation/cost objective; not evidence of universal class separation under independent silent row deletion."
rats,{RATS}: Restoration-Aware Trace Signal Selection for Post-Silicon Validation,main.tex,Post-silicon observation and localization,"\subsection{Post-silicon observation and localization} Debug infrastructures and surveys emphasize access, triggering, capture, and the validation gap~\cite{abramovici06,rootselaar99,caty05,overview,sanjaya24}. Restoration and visibility methods select signals for state inference or error exposure~\cite{ko,ko_rtl,ko_scan,liu,yang,rats}; simulation, structure, scan/trace mixtures, dynamic selection, and scalable approximations refine those objectives~\cite{basu11,basu_scan,basu_dynamic,chatterjee11,hung13,li_davoodi14,rahmani,rahmani_scan,rahmani_ml,shojaei10,prabhakar09,han13}. Detection, cluster restoration, trigger reuse, gate localization, and functional relevance optimize still other evidence~\cite{taatizadeh16,vali16,sanjaya24,cluster19,trigger18,gate20,pal,ma15}. None of those metrics is automatically the universal silent-row-loss predicate in~\eqref{eq:coverage}.",Restoration-aware trace-signal selection using a more accurate restoration metric.,"Optimizes access, restoration, detection, triggering, or localization under a different observation/cost objective; not evidence of universal class separation under independent silent row deletion."
basu11,Efficient Trace Signal Selection for Post Silicon Validation and Debug,main.tex,Post-silicon observation and localization,"\subsection{Post-silicon observation and localization} Debug infrastructures and surveys emphasize access, triggering, capture, and the validation gap~\cite{abramovici06,rootselaar99,caty05,overview,sanjaya24}. Restoration and visibility methods select signals for state inference or error exposure~\cite{ko,ko_rtl,ko_scan,liu,yang,rats}; simulation, structure, scan/trace mixtures, dynamic selection, and scalable approximations refine those objectives~\cite{basu11,basu_scan,basu_dynamic,chatterjee11,hung13,li_davoodi14,rahmani,rahmani_scan,rahmani_ml,shojaei10,prabhakar09,han13}. Detection, cluster restoration, trigger reuse, gate localization, and functional relevance optimize still other evidence~\cite{taatizadeh16,vali16,sanjaya24,cluster19,trigger18,gate20,pal,ma15}. None of those metrics is automatically the universal silent-row-loss predicate in~\eqref{eq:coverage}.",Structural trace-signal selection for restoration-oriented post-silicon validation.,"Optimizes access, restoration, detection, triggering, or localization under a different observation/cost objective; not evidence of universal class separation under independent silent row deletion."
basu_scan,Efficient Combination of Trace and Scan Signals for Post Silicon Validation and Debug,main.tex,Post-silicon observation and localization,"\subsection{Post-silicon observation and localization} Debug infrastructures and surveys emphasize access, triggering, capture, and the validation gap~\cite{abramovici06,rootselaar99,caty05,overview,sanjaya24}. Restoration and visibility methods select signals for state inference or error exposure~\cite{ko,ko_rtl,ko_scan,liu,yang,rats}; simulation, structure, scan/trace mixtures, dynamic selection, and scalable approximations refine those objectives~\cite{basu11,basu_scan,basu_dynamic,chatterjee11,hung13,li_davoodi14,rahmani,rahmani_scan,rahmani_ml,shojaei10,prabhakar09,han13}. Detection, cluster restoration, trigger reuse, gate localization, and functional relevance optimize still other evidence~\cite{taatizadeh16,vali16,sanjaya24,cluster19,trigger18,gate20,pal,ma15}. None of those metrics is automatically the universal silent-row-loss predicate in~\eqref{eq:coverage}.",Joint selection of trace and scan signals.,"Optimizes access, restoration, detection, triggering, or localization under a different observation/cost objective; not evidence of universal class separation under independent silent row deletion."
basu_dynamic,Dynamic Selection of Trace Signals for Post-Silicon Debug,main.tex,Post-silicon observation and localization,"\subsection{Post-silicon observation and localization} Debug infrastructures and surveys emphasize access, triggering, capture, and the validation gap~\cite{abramovici06,rootselaar99,caty05,overview,sanjaya24}. Restoration and visibility methods select signals for state inference or error exposure~\cite{ko,ko_rtl,ko_scan,liu,yang,rats}; simulation, structure, scan/trace mixtures, dynamic selection, and scalable approximations refine those objectives~\cite{basu11,basu_scan,basu_dynamic,chatterjee11,hung13,li_davoodi14,rahmani,rahmani_scan,rahmani_ml,shojaei10,prabhakar09,han13}. Detection, cluster restoration, trigger reuse, gate localization, and functional relevance optimize still other evidence~\cite{taatizadeh16,vali16,sanjaya24,cluster19,trigger18,gate20,pal,ma15}. None of those metrics is automatically the universal silent-row-loss predicate in~\eqref{eq:coverage}.",Runtime/dynamic reconfiguration of traced signals across a debug interval.,"Optimizes access, restoration, detection, triggering, or localization under a different observation/cost objective; not evidence of universal class separation under independent silent row deletion."
chatterjee11,Simulation-Based Signal Selection for State Restoration in Silicon Debug,main.tex,Post-silicon observation and localization,"\subsection{Post-silicon observation and localization} Debug infrastructures and surveys emphasize access, triggering, capture, and the validation gap~\cite{abramovici06,rootselaar99,caty05,overview,sanjaya24}. Restoration and visibility methods select signals for state inference or error exposure~\cite{ko,ko_rtl,ko_scan,liu,yang,rats}; simulation, structure, scan/trace mixtures, dynamic selection, and scalable approximations refine those objectives~\cite{basu11,basu_scan,basu_dynamic,chatterjee11,hung13,li_davoodi14,rahmani,rahmani_scan,rahmani_ml,shojaei10,prabhakar09,han13}. Detection, cluster restoration, trigger reuse, gate localization, and functional relevance optimize still other evidence~\cite{taatizadeh16,vali16,sanjaya24,cluster19,trigger18,gate20,pal,ma15}. None of those metrics is automatically the universal silent-row-loss predicate in~\eqref{eq:coverage}.",Simulation-based signal selection targeted at state restoration.,"Optimizes access, restoration, detection, triggering, or localization under a different observation/cost objective; not evidence of universal class separation under independent silent row deletion."
hung13,Scalable Signal Selection for Post-Silicon Debug,main.tex,Post-silicon observation and localization,"\subsection{Post-silicon observation and localization} Debug infrastructures and surveys emphasize access, triggering, capture, and the validation gap~\cite{abramovici06,rootselaar99,caty05,overview,sanjaya24}. Restoration and visibility methods select signals for state inference or error exposure~\cite{ko,ko_rtl,ko_scan,liu,yang,rats}; simulation, structure, scan/trace mixtures, dynamic selection, and scalable approximations refine those objectives~\cite{basu11,basu_scan,basu_dynamic,chatterjee11,hung13,li_davoodi14,rahmani,rahmani_scan,rahmani_ml,shojaei10,prabhakar09,han13}. Detection, cluster restoration, trigger reuse, gate localization, and functional relevance optimize still other evidence~\cite{taatizadeh16,vali16,sanjaya24,cluster19,trigger18,gate20,pal,ma15}. None of those metrics is automatically the universal silent-row-loss predicate in~\eqref{eq:coverage}.",Scalable signal-selection methods for post-silicon debug.,"Optimizes access, restoration, detection, triggering, or localization under a different observation/cost objective; not evidence of universal class separation under independent silent row deletion."
li_davoodi14,A Hybrid Approach for Fast and Accurate Trace Signal Selection for Post-Silicon Debug,main.tex,Post-silicon observation and localization,"\subsection{Post-silicon observation and localization} Debug infrastructures and surveys emphasize access, triggering, capture, and the validation gap~\cite{abramovici06,rootselaar99,caty05,overview,sanjaya24}. Restoration and visibility methods select signals for state inference or error exposure~\cite{ko,ko_rtl,ko_scan,liu,yang,rats}; simulation, structure, scan/trace mixtures, dynamic selection, and scalable approximations refine those objectives~\cite{basu11,basu_scan,basu_dynamic,chatterjee11,hung13,li_davoodi14,rahmani,rahmani_scan,rahmani_ml,shojaei10,prabhakar09,han13}. Detection, cluster restoration, trigger reuse, gate localization, and functional relevance optimize still other evidence~\cite{taatizadeh16,vali16,sanjaya24,cluster19,trigger18,gate20,pal,ma15}. None of those metrics is automatically the universal silent-row-loss predicate in~\eqref{eq:coverage}.",Hybrid signal selection combining simulation quality with metric-based speed.,"Optimizes access, restoration, detection, triggering, or localization under a different observation/cost objective; not evidence of universal class separation under independent silent row deletion."
rahmani,Efficient Trace Signal Selection Using Augmentation and {ILP} Techniques,main.tex,Post-silicon observation and localization,"\subsection{Post-silicon observation and localization} Debug infrastructures and surveys emphasize access, triggering, capture, and the validation gap~\cite{abramovici06,rootselaar99,caty05,overview,sanjaya24}. Restoration and visibility methods select signals for state inference or error exposure~\cite{ko,ko_rtl,ko_scan,liu,yang,rats}; simulation, structure, scan/trace mixtures, dynamic selection, and scalable approximations refine those objectives~\cite{basu11,basu_scan,basu_dynamic,chatterjee11,hung13,li_davoodi14,rahmani,rahmani_scan,rahmani_ml,shojaei10,prabhakar09,han13}. Detection, cluster restoration, trigger reuse, gate localization, and functional relevance optimize still other evidence~\cite{taatizadeh16,vali16,sanjaya24,cluster19,trigger18,gate20,pal,ma15}. None of those metrics is automatically the universal silent-row-loss predicate in~\eqref{eq:coverage}.",Augmentation and integer-linear-programming formulation for trace-signal selection.,"Optimizes access, restoration, detection, triggering, or localization under a different observation/cost objective; not evidence of universal class separation under independent silent row deletion."
rahmani_scan,Efficient Selection of Trace and Scan Signals for Post-Silicon Debug,main.tex,Post-silicon observation and localization,"\subsection{Post-silicon observation and localization} Debug infrastructures and surveys emphasize access, triggering, capture, and the validation gap~\cite{abramovici06,rootselaar99,caty05,overview,sanjaya24}. Restoration and visibility methods select signals for state inference or error exposure~\cite{ko,ko_rtl,ko_scan,liu,yang,rats}; simulation, structure, scan/trace mixtures, dynamic selection, and scalable approximations refine those objectives~\cite{basu11,basu_scan,basu_dynamic,chatterjee11,hung13,li_davoodi14,rahmani,rahmani_scan,rahmani_ml,shojaei10,prabhakar09,han13}. Detection, cluster restoration, trigger reuse, gate localization, and functional relevance optimize still other evidence~\cite{taatizadeh16,vali16,sanjaya24,cluster19,trigger18,gate20,pal,ma15}. None of those metrics is automatically the universal silent-row-loss predicate in~\eqref{eq:coverage}.",Joint trace/scan selection for post-silicon debug.,"Optimizes access, restoration, detection, triggering, or localization under a different observation/cost objective; not evidence of universal class separation under independent silent row deletion."
rahmani_ml,Post-Silicon Trace Signal Selection Using Machine Learning Techniques,main.tex,Post-silicon observation and localization,"\subsection{Post-silicon observation and localization} Debug infrastructures and surveys emphasize access, triggering, capture, and the validation gap~\cite{abramovici06,rootselaar99,caty05,overview,sanjaya24}. Restoration and visibility methods select signals for state inference or error exposure~\cite{ko,ko_rtl,ko_scan,liu,yang,rats}; simulation, structure, scan/trace mixtures, dynamic selection, and scalable approximations refine those objectives~\cite{basu11,basu_scan,basu_dynamic,chatterjee11,hung13,li_davoodi14,rahmani,rahmani_scan,rahmani_ml,shojaei10,prabhakar09,han13}. Detection, cluster restoration, trigger reuse, gate localization, and functional relevance optimize still other evidence~\cite{taatizadeh16,vali16,sanjaya24,cluster19,trigger18,gate20,pal,ma15}. None of those metrics is automatically the universal silent-row-loss predicate in~\eqref{eq:coverage}.",Machine-learning-guided trace-signal selection.,"Optimizes access, restoration, detection, triggering, or localization under a different observation/cost objective; not evidence of universal class separation under independent silent row deletion."
shojaei10,Trace Signal Selection to Enhance Timing and Logic Visibility in Post-Silicon Validation,main.tex,Post-silicon observation and localization,"\subsection{Post-silicon observation and localization} Debug infrastructures and surveys emphasize access, triggering, capture, and the validation gap~\cite{abramovici06,rootselaar99,caty05,overview,sanjaya24}. Restoration and visibility methods select signals for state inference or error exposure~\cite{ko,ko_rtl,ko_scan,liu,yang,rats}; simulation, structure, scan/trace mixtures, dynamic selection, and scalable approximations refine those objectives~\cite{basu11,basu_scan,basu_dynamic,chatterjee11,hung13,li_davoodi14,rahmani,rahmani_scan,rahmani_ml,shojaei10,prabhakar09,han13}. Detection, cluster restoration, trigger reuse, gate localization, and functional relevance optimize still other evidence~\cite{taatizadeh16,vali16,sanjaya24,cluster19,trigger18,gate20,pal,ma15}. None of those metrics is automatically the universal silent-row-loss predicate in~\eqref{eq:coverage}.",Signal selection addressing timing and logic visibility.,"Optimizes access, restoration, detection, triggering, or localization under a different observation/cost objective; not evidence of universal class separation under independent silent row deletion."
prabhakar09,Using Non-Trivial Logic Implications for Trace Buffer-Based Silicon Debug,main.tex,Post-silicon observation and localization,"\subsection{Post-silicon observation and localization} Debug infrastructures and surveys emphasize access, triggering, capture, and the validation gap~\cite{abramovici06,rootselaar99,caty05,overview,sanjaya24}. Restoration and visibility methods select signals for state inference or error exposure~\cite{ko,ko_rtl,ko_scan,liu,yang,rats}; simulation, structure, scan/trace mixtures, dynamic selection, and scalable approximations refine those objectives~\cite{basu11,basu_scan,basu_dynamic,chatterjee11,hung13,li_davoodi14,rahmani,rahmani_scan,rahmani_ml,shojaei10,prabhakar09,han13}. Detection, cluster restoration, trigger reuse, gate localization, and functional relevance optimize still other evidence~\cite{taatizadeh16,vali16,sanjaya24,cluster19,trigger18,gate20,pal,ma15}. None of those metrics is automatically the universal silent-row-loss predicate in~\eqref{eq:coverage}.",Uses non-trivial logic implications to improve trace-buffer-based debug.,"Optimizes access, restoration, detection, triggering, or localization under a different observation/cost objective; not evidence of universal class separation under independent silent row deletion."
han13,Enhanced Algorithm of Combining Trace and Scan Signals in Post-Silicon Validation,main.tex,Post-silicon observation and localization,"\subsection{Post-silicon observation and localization} Debug infrastructures and surveys emphasize access, triggering, capture, and the validation gap~\cite{abramovici06,rootselaar99,caty05,overview,sanjaya24}. Restoration and visibility methods select signals for state inference or error exposure~\cite{ko,ko_rtl,ko_scan,liu,yang,rats}; simulation, structure, scan/trace mixtures, dynamic selection, and scalable approximations refine those objectives~\cite{basu11,basu_scan,basu_dynamic,chatterjee11,hung13,li_davoodi14,rahmani,rahmani_scan,rahmani_ml,shojaei10,prabhakar09,han13}. Detection, cluster restoration, trigger reuse, gate localization, and functional relevance optimize still other evidence~\cite{taatizadeh16,vali16,sanjaya24,cluster19,trigger18,gate20,pal,ma15}. None of those metrics is automatically the universal silent-row-loss predicate in~\eqref{eq:coverage}.",Algorithm for combining trace and scan observations.,"Optimizes access, restoration, detection, triggering, or localization under a different observation/cost objective; not evidence of universal class separation under independent silent row deletion."
taatizadeh16,Automated Selection of Assertions for Bit-Flip Detection During Post-Silicon Validation,main.tex,Post-silicon observation and localization,"\subsection{Post-silicon observation and localization} Debug infrastructures and surveys emphasize access, triggering, capture, and the validation gap~\cite{abramovici06,rootselaar99,caty05,overview,sanjaya24}. Restoration and visibility methods select signals for state inference or error exposure~\cite{ko,ko_rtl,ko_scan,liu,yang,rats}; simulation, structure, scan/trace mixtures, dynamic selection, and scalable approximations refine those objectives~\cite{basu11,basu_scan,basu_dynamic,chatterjee11,hung13,li_davoodi14,rahmani,rahmani_scan,rahmani_ml,shojaei10,prabhakar09,han13}. Detection, cluster restoration, trigger reuse, gate localization, and functional relevance optimize still other evidence~\cite{taatizadeh16,vali16,sanjaya24,cluster19,trigger18,gate20,pal,ma15}. None of those metrics is automatically the universal silent-row-loss predicate in~\eqref{eq:coverage}.",Assertion selection for post-silicon bit-flip detection.,"Optimizes access, restoration, detection, triggering, or localization under a different observation/cost objective; not evidence of universal class separation under independent silent row deletion."
vali16,Bit-Flip Detection-Driven Selection of Trace Signals,main.tex,Post-silicon observation and localization,"\subsection{Post-silicon observation and localization} Debug infrastructures and surveys emphasize access, triggering, capture, and the validation gap~\cite{abramovici06,rootselaar99,caty05,overview,sanjaya24}. Restoration and visibility methods select signals for state inference or error exposure~\cite{ko,ko_rtl,ko_scan,liu,yang,rats}; simulation, structure, scan/trace mixtures, dynamic selection, and scalable approximations refine those objectives~\cite{basu11,basu_scan,basu_dynamic,chatterjee11,hung13,li_davoodi14,rahmani,rahmani_scan,rahmani_ml,shojaei10,prabhakar09,han13}. Detection, cluster restoration, trigger reuse, gate localization, and functional relevance optimize still other evidence~\cite{taatizadeh16,vali16,sanjaya24,cluster19,trigger18,gate20,pal,ma15}. None of those metrics is automatically the universal silent-row-loss predicate in~\eqref{eq:coverage}.",Trace-signal selection driven by bit-flip detection rather than state restoration.,"Optimizes access, restoration, detection, triggering, or localization under a different observation/cost objective; not evidence of universal class separation under independent silent row deletion."
cluster19,Cluster Restoration-Based Trace Signal Selection for Post-Silicon Debug,main.tex,Post-silicon observation and localization,"\subsection{Post-silicon observation and localization} Debug infrastructures and surveys emphasize access, triggering, capture, and the validation gap~\cite{abramovici06,rootselaar99,caty05,overview,sanjaya24}. Restoration and visibility methods select signals for state inference or error exposure~\cite{ko,ko_rtl,ko_scan,liu,yang,rats}; simulation, structure, scan/trace mixtures, dynamic selection, and scalable approximations refine those objectives~\cite{basu11,basu_scan,basu_dynamic,chatterjee11,hung13,li_davoodi14,rahmani,rahmani_scan,rahmani_ml,shojaei10,prabhakar09,han13}. Detection, cluster restoration, trigger reuse, gate localization, and functional relevance optimize still other evidence~\cite{taatizadeh16,vali16,sanjaya24,cluster19,trigger18,gate20,pal,ma15}. None of those metrics is automatically the universal silent-row-loss predicate in~\eqref{eq:coverage}.",Cluster restoration and a cluster-level signal-selection metric.,"Optimizes access, restoration, detection, triggering, or localization under a different observation/cost objective; not evidence of universal class separation under independent silent row deletion."
trigger18,On Trace Buffer Reuse-Based Trigger Generation in Post-Silicon Debug,main.tex,Post-silicon observation and localization,"\subsection{Post-silicon observation and localization} Debug infrastructures and surveys emphasize access, triggering, capture, and the validation gap~\cite{abramovici06,rootselaar99,caty05,overview,sanjaya24}. Restoration and visibility methods select signals for state inference or error exposure~\cite{ko,ko_rtl,ko_scan,liu,yang,rats}; simulation, structure, scan/trace mixtures, dynamic selection, and scalable approximations refine those objectives~\cite{basu11,basu_scan,basu_dynamic,chatterjee11,hung13,li_davoodi14,rahmani,rahmani_scan,rahmani_ml,shojaei10,prabhakar09,han13}. Detection, cluster restoration, trigger reuse, gate localization, and functional relevance optimize still other evidence~\cite{taatizadeh16,vali16,sanjaya24,cluster19,trigger18,gate20,pal,ma15}. None of those metrics is automatically the universal silent-row-loss predicate in~\eqref{eq:coverage}.",Reuses trace-buffer structures in trigger generation.,"Optimizes access, restoration, detection, triggering, or localization under a different observation/cost objective; not evidence of universal class separation under independent silent row deletion."
gate20,Post-Silicon Gate-Level Error Localization With Effective and Combined Trace Signal Selection,main.tex,Post-silicon observation and localization,"\subsection{Post-silicon observation and localization} Debug infrastructures and surveys emphasize access, triggering, capture, and the validation gap~\cite{abramovici06,rootselaar99,caty05,overview,sanjaya24}. Restoration and visibility methods select signals for state inference or error exposure~\cite{ko,ko_rtl,ko_scan,liu,yang,rats}; simulation, structure, scan/trace mixtures, dynamic selection, and scalable approximations refine those objectives~\cite{basu11,basu_scan,basu_dynamic,chatterjee11,hung13,li_davoodi14,rahmani,rahmani_scan,rahmani_ml,shojaei10,prabhakar09,han13}. Detection, cluster restoration, trigger reuse, gate localization, and functional relevance optimize still other evidence~\cite{taatizadeh16,vali16,sanjaya24,cluster19,trigger18,gate20,pal,ma15}. None of those metrics is automatically the universal silent-row-loss predicate in~\eqref{eq:coverage}.",Gate-level error localization coupled with trace-signal selection.,"Optimizes access, restoration, detection, triggering, or localization under a different observation/cost objective; not evidence of universal class separation under independent silent row deletion."
pal,Emphasizing Functional Relevance Over State Restoration in Post-Silicon Signal Tracing,main.tex,Post-silicon observation and localization,"\subsection{Post-silicon observation and localization} Debug infrastructures and surveys emphasize access, triggering, capture, and the validation gap~\cite{abramovici06,rootselaar99,caty05,overview,sanjaya24}. Restoration and visibility methods select signals for state inference or error exposure~\cite{ko,ko_rtl,ko_scan,liu,yang,rats}; simulation, structure, scan/trace mixtures, dynamic selection, and scalable approximations refine those objectives~\cite{basu11,basu_scan,basu_dynamic,chatterjee11,hung13,li_davoodi14,rahmani,rahmani_scan,rahmani_ml,shojaei10,prabhakar09,han13}. Detection, cluster restoration, trigger reuse, gate localization, and functional relevance optimize still other evidence~\cite{taatizadeh16,vali16,sanjaya24,cluster19,trigger18,gate20,pal,ma15}. None of those metrics is automatically the universal silent-row-loss predicate in~\eqref{eq:coverage}.",Functional relevance as an alternative objective to state restoration.,"Optimizes access, restoration, detection, triggering, or localization under a different observation/cost objective; not evidence of universal class separation under independent silent row deletion."
ma15,Can't See the Forest for the Trees: State Restoration's Limitations in Post-Silicon Trace Signal Selection,main.tex,Post-silicon observation and localization,"\subsection{Post-silicon observation and localization} Debug infrastructures and surveys emphasize access, triggering, capture, and the validation gap~\cite{abramovici06,rootselaar99,caty05,overview,sanjaya24}. Restoration and visibility methods select signals for state inference or error exposure~\cite{ko,ko_rtl,ko_scan,liu,yang,rats}; simulation, structure, scan/trace mixtures, dynamic selection, and scalable approximations refine those objectives~\cite{basu11,basu_scan,basu_dynamic,chatterjee11,hung13,li_davoodi14,rahmani,rahmani_scan,rahmani_ml,shojaei10,prabhakar09,han13}. Detection, cluster restoration, trigger reuse, gate localization, and functional relevance optimize still other evidence~\cite{taatizadeh16,vali16,sanjaya24,cluster19,trigger18,gate20,pal,ma15}. None of those metrics is automatically the universal silent-row-loss predicate in~\eqref{eq:coverage}.",Shows limitations of treating state restoration as the sole signal-selection objective.,"Optimizes access, restoration, detection, triggering, or localization under a different observation/cost objective; not evidence of universal class separation under independent silent row deletion."
cao17,A Post-Silicon Trace Analysis Approach for System-on-Chip Protocol Debug,main.tex,Post-silicon observation and localization,"Execution-specific methods include IFRA and BLoG~\cite{ifra08,ifra09,blog10}, QED/S-QED/E-QED~\cite{qed10,qedtcad14,sqed,eqed}, protocol and memory-consistency localization~\cite{cao17,memory15}, and trace reconstruction or inconsistent-execution diagnosis~\cite{backspace,deorio11}. Their hardware grounding is stronger than our single UART simulation bridge; their outputs are not the tap-labelled $(d+1)^2$ obstruction or its projection theorem. This is a difference in object and guarantee, not a physical-performance claim.",Protocol-aware trace analysis for SoC debugging.,"Provides stronger processor, execution, or protocol grounding; it does not supply the tap-labelled bounded-row-loss frontier certificate or per-pair projection theorem claimed here."
memory15,Post-Silicon Validation of Multiprocessor Memory Consistency,main.tex,Post-silicon observation and localization,"Execution-specific methods include IFRA and BLoG~\cite{ifra08,ifra09,blog10}, QED/S-QED/E-QED~\cite{qed10,qedtcad14,sqed,eqed}, protocol and memory-consistency localization~\cite{cao17,memory15}, and trace reconstruction or inconsistent-execution diagnosis~\cite{backspace,deorio11}. Their hardware grounding is stronger than our single UART simulation bridge; their outputs are not the tap-labelled $(d+1)^2$ obstruction or its projection theorem. This is a difference in object and guarantee, not a physical-performance claim.",Domain-specific logging and cycle analysis for multiprocessor memory-consistency validation.,"Provides stronger processor, execution, or protocol grounding; it does not supply the tap-labelled bounded-row-loss frontier certificate or per-pair projection theorem claimed here."
blog10,{BLoG}: Post-Silicon Bug Localization in Processors Using Bug Localization Graphs,main.tex,Post-silicon observation and localization,"Execution-specific methods include IFRA and BLoG~\cite{ifra08,ifra09,blog10}, QED/S-QED/E-QED~\cite{qed10,qedtcad14,sqed,eqed}, protocol and memory-consistency localization~\cite{cao17,memory15}, and trace reconstruction or inconsistent-execution diagnosis~\cite{backspace,deorio11}. Their hardware grounding is stronger than our single UART simulation bridge; their outputs are not the tap-labelled $(d+1)^2$ obstruction or its projection theorem. This is a difference in object and guarantee, not a physical-performance claim.",Processor bug-localization graphs for narrowing candidate hardware structures.,"Provides stronger processor, execution, or protocol grounding; it does not supply the tap-labelled bounded-row-loss frontier certificate or per-pair projection theorem claimed here."
qed10,{QED}: Quick Error Detection Tests for Effective Post-Silicon Validation,main.tex,Post-silicon observation and localization,"Execution-specific methods include IFRA and BLoG~\cite{ifra08,ifra09,blog10}, QED/S-QED/E-QED~\cite{qed10,qedtcad14,sqed,eqed}, protocol and memory-consistency localization~\cite{cao17,memory15}, and trace reconstruction or inconsistent-execution diagnosis~\cite{backspace,deorio11}. Their hardware grounding is stronger than our single UART simulation bridge; their outputs are not the tap-labelled $(d+1)^2$ obstruction or its projection theorem. This is a difference in object and guarantee, not a physical-performance claim.",Transforms validation tests to shorten error-detection latency.,"Provides stronger processor, execution, or protocol grounding; it does not supply the tap-labelled bounded-row-loss frontier certificate or per-pair projection theorem claimed here."
qedtcad14,Effective Post-Silicon Validation of System-on-Chips Using Quick Error Detection,main.tex,Post-silicon observation and localization,"Execution-specific methods include IFRA and BLoG~\cite{ifra08,ifra09,blog10}, QED/S-QED/E-QED~\cite{qed10,qedtcad14,sqed,eqed}, protocol and memory-consistency localization~\cite{cao17,memory15}, and trace reconstruction or inconsistent-execution diagnosis~\cite{backspace,deorio11}. Their hardware grounding is stronger than our single UART simulation bridge; their outputs are not the tap-labelled $(d+1)^2$ obstruction or its projection theorem. This is a difference in object and guarantee, not a physical-performance claim.",System-on-chip QED methodology and evaluation.,"Provides stronger processor, execution, or protocol grounding; it does not supply the tap-labelled bounded-row-loss frontier certificate or per-pair projection theorem claimed here."
sqed,A Structured Approach to Post-Silicon Validation and Debug Using Symbolic Quick Error Detection,main.tex,Post-silicon observation and localization,"Execution-specific methods include IFRA and BLoG~\cite{ifra08,ifra09,blog10}, QED/S-QED/E-QED~\cite{qed10,qedtcad14,sqed,eqed}, protocol and memory-consistency localization~\cite{cao17,memory15}, and trace reconstruction or inconsistent-execution diagnosis~\cite{backspace,deorio11}. Their hardware grounding is stronger than our single UART simulation bridge; their outputs are not the tap-labelled $(d+1)^2$ obstruction or its projection theorem. This is a difference in object and guarantee, not a physical-performance claim.",Combines QED traces with symbolic/formal analysis.,"Provides stronger processor, execution, or protocol grounding; it does not supply the tap-labelled bounded-row-loss frontier certificate or per-pair projection theorem claimed here."
eqed,{E-QED}: Electrical Bug Localization During Post-Silicon Validation Enabled by Quick Error Detection and Formal Methods,main.tex,Post-silicon observation and localization,"Execution-specific methods include IFRA and BLoG~\cite{ifra08,ifra09,blog10}, QED/S-QED/E-QED~\cite{qed10,qedtcad14,sqed,eqed}, protocol and memory-consistency localization~\cite{cao17,memory15}, and trace reconstruction or inconsistent-execution diagnosis~\cite{backspace,deorio11}. Their hardware grounding is stronger than our single UART simulation bridge; their outputs are not the tap-labelled $(d+1)^2$ obstruction or its projection theorem. This is a difference in object and guarantee, not a physical-performance claim.",Electrical-bug localization using QED and formal reasoning.,"Provides stronger processor, execution, or protocol grounding; it does not supply the tap-labelled bounded-row-loss frontier certificate or per-pair projection theorem claimed here."
backspace,{BackSpace}: Formal Analysis for Post-Silicon Debug,main.tex,Post-silicon observation and localization,"Execution-specific methods include IFRA and BLoG~\cite{ifra08,ifra09,blog10}, QED/S-QED/E-QED~\cite{qed10,qedtcad14,sqed,eqed}, protocol and memory-consistency localization~\cite{cao17,memory15}, and trace reconstruction or inconsistent-execution diagnosis~\cite{backspace,deorio11}. Their hardware grounding is stronger than our single UART simulation bridge; their outputs are not the tap-labelled $(d+1)^2$ obstruction or its projection theorem. This is a difference in object and guarantee, not a physical-performance claim.",Formal reconstruction and analysis of post-silicon executions.,"Provides stronger processor, execution, or protocol grounding; it does not supply the tap-labelled bounded-row-loss frontier certificate or per-pair projection theorem claimed here."
deorio11,Post-Silicon Bug Diagnosis With Inconsistent Executions,main.tex,Post-silicon observation and localization,"Execution-specific methods include IFRA and BLoG~\cite{ifra08,ifra09,blog10}, QED/S-QED/E-QED~\cite{qed10,qedtcad14,sqed,eqed}, protocol and memory-consistency localization~\cite{cao17,memory15}, and trace reconstruction or inconsistent-execution diagnosis~\cite{backspace,deorio11}. Their hardware grounding is stronger than our single UART simulation bridge; their outputs are not the tap-labelled $(d+1)^2$ obstruction or its projection theorem. This is a difference in object and guarantee, not a physical-performance claim.",Bug diagnosis under inconsistent post-silicon executions.,"Provides stronger processor, execution, or protocol grounding; it does not supply the tap-labelled bounded-row-loss frontier certificate or per-pair projection theorem claimed here."
sampath95,Diagnosability of Discrete-Event Systems,main.tex,Diagnosability with partial or unreliable observation,"\subsection{Diagnosability with partial or unreliable observation} Classical discrete-event-system diagnosability asks whether faults can eventually be inferred from partial observations and provides polynomial verification constructions and stochastic extensions~\cite{sampath95,jiang01,yoo02,thorsley05,zaytoon13}. More recent work models unreliable sensors with temporal assumptions, and hybrid-barrier certificates address continuous-state cyber-physical diagnosis~\cite{dong,zhong}. Those frameworks are broader in plant evolution, online inference, or sensor behavior. Our object is instead a fixed-horizon finite multi-class separation task with a symmetric per-record deletion budget. We therefore do not claim the first diagnosability criterion under observation loss; the contribution is the particular local proof format and selected-coordinate preservation argument for this finite contract.",Foundational language/observer formulation of diagnosability for discrete-event systems.,Broader diagnosis semantics are prior work; this manuscript claims only a finite fixed-horizon certificate and selected-coordinate preservation result for its explicit deletion contract.
jiang01,A Polynomial Algorithm for Testing Diagnosability of Discrete-Event Systems,main.tex,Diagnosability with partial or unreliable observation,"\subsection{Diagnosability with partial or unreliable observation} Classical discrete-event-system diagnosability asks whether faults can eventually be inferred from partial observations and provides polynomial verification constructions and stochastic extensions~\cite{sampath95,jiang01,yoo02,thorsley05,zaytoon13}. More recent work models unreliable sensors with temporal assumptions, and hybrid-barrier certificates address continuous-state cyber-physical diagnosis~\cite{dong,zhong}. Those frameworks are broader in plant evolution, online inference, or sensor behavior. Our object is instead a fixed-horizon finite multi-class separation task with a symmetric per-record deletion budget. We therefore do not claim the first diagnosability criterion under observation loss; the contribution is the particular local proof format and selected-coordinate preservation argument for this finite contract.",Polynomial verification of diagnosability in discrete-event systems.,Broader diagnosis semantics are prior work; this manuscript claims only a finite fixed-horizon certificate and selected-coordinate preservation result for its explicit deletion contract.
yoo02,Polynomial-Time Verification of Diagnosability of Partially Observed Discrete-Event Systems,main.tex,Diagnosability with partial or unreliable observation,"\subsection{Diagnosability with partial or unreliable observation} Classical discrete-event-system diagnosability asks whether faults can eventually be inferred from partial observations and provides polynomial verification constructions and stochastic extensions~\cite{sampath95,jiang01,yoo02,thorsley05,zaytoon13}. More recent work models unreliable sensors with temporal assumptions, and hybrid-barrier certificates address continuous-state cyber-physical diagnosis~\cite{dong,zhong}. Those frameworks are broader in plant evolution, online inference, or sensor behavior. Our object is instead a fixed-horizon finite multi-class separation task with a symmetric per-record deletion budget. We therefore do not claim the first diagnosability criterion under observation loss; the contribution is the particular local proof format and selected-coordinate preservation argument for this finite contract.",Polynomial-time diagnosability verification under partial observation.,Broader diagnosis semantics are prior work; this manuscript claims only a finite fixed-horizon certificate and selected-coordinate preservation result for its explicit deletion contract.
thorsley05,Diagnosability of Stochastic Discrete-Event Systems,main.tex,Diagnosability with partial or unreliable observation,"\subsection{Diagnosability with partial or unreliable observation} Classical discrete-event-system diagnosability asks whether faults can eventually be inferred from partial observations and provides polynomial verification constructions and stochastic extensions~\cite{sampath95,jiang01,yoo02,thorsley05,zaytoon13}. More recent work models unreliable sensors with temporal assumptions, and hybrid-barrier certificates address continuous-state cyber-physical diagnosis~\cite{dong,zhong}. Those frameworks are broader in plant evolution, online inference, or sensor behavior. Our object is instead a fixed-horizon finite multi-class separation task with a symmetric per-record deletion budget. We therefore do not claim the first diagnosability criterion under observation loss; the contribution is the particular local proof format and selected-coordinate preservation argument for this finite contract.",Diagnosability for stochastic discrete-event systems.,Broader diagnosis semantics are prior work; this manuscript claims only a finite fixed-horizon certificate and selected-coordinate preservation result for its explicit deletion contract.
zaytoon13,Overview of Fault Diagnosis Methods for Discrete Event Systems,main.tex,Diagnosability with partial or unreliable observation,"\subsection{Diagnosability with partial or unreliable observation} Classical discrete-event-system diagnosability asks whether faults can eventually be inferred from partial observations and provides polynomial verification constructions and stochastic extensions~\cite{sampath95,jiang01,yoo02,thorsley05,zaytoon13}. More recent work models unreliable sensors with temporal assumptions, and hybrid-barrier certificates address continuous-state cyber-physical diagnosis~\cite{dong,zhong}. Those frameworks are broader in plant evolution, online inference, or sensor behavior. Our object is instead a fixed-horizon finite multi-class separation task with a symmetric per-record deletion budget. We therefore do not claim the first diagnosability criterion under observation loss; the contribution is the particular local proof format and selected-coordinate preservation argument for this finite contract.",Survey and taxonomy of discrete-event-system fault diagnosis.,Broader diagnosis semantics are prior work; this manuscript claims only a finite fixed-horizon certificate and selected-coordinate preservation result for its explicit deletion contract.
dong,A Uniform Framework for Diagnosis of Discrete-Event Systems With Unreliable Sensors Using Linear Temporal Logic,main.tex,Diagnosability with partial or unreliable observation,"\subsection{Diagnosability with partial or unreliable observation} Classical discrete-event-system diagnosability asks whether faults can eventually be inferred from partial observations and provides polynomial verification constructions and stochastic extensions~\cite{sampath95,jiang01,yoo02,thorsley05,zaytoon13}. More recent work models unreliable sensors with temporal assumptions, and hybrid-barrier certificates address continuous-state cyber-physical diagnosis~\cite{dong,zhong}. Those frameworks are broader in plant evolution, online inference, or sensor behavior. Our object is instead a fixed-horizon finite multi-class separation task with a symmetric per-record deletion budget. We therefore do not claim the first diagnosability criterion under observation loss; the contribution is the particular local proof format and selected-coordinate preservation argument for this finite contract.",Diagnosis with unreliable sensors expressed through temporal assumptions.,Broader diagnosis semantics are prior work; this manuscript claims only a finite fixed-horizon certificate and selected-coordinate preservation result for its explicit deletion contract.
zhong,Verification of Diagnosability for Cyber-Physical Systems: A Hybrid Barrier Certificate Approach,main.tex,Diagnosability with partial or unreliable observation,"\subsection{Diagnosability with partial or unreliable observation} Classical discrete-event-system diagnosability asks whether faults can eventually be inferred from partial observations and provides polynomial verification constructions and stochastic extensions~\cite{sampath95,jiang01,yoo02,thorsley05,zaytoon13}. More recent work models unreliable sensors with temporal assumptions, and hybrid-barrier certificates address continuous-state cyber-physical diagnosis~\cite{dong,zhong}. Those frameworks are broader in plant evolution, online inference, or sensor behavior. Our object is instead a fixed-horizon finite multi-class separation task with a symmetric per-record deletion budget. We therefore do not claim the first diagnosability criterion under observation loss; the contribution is the particular local proof format and selected-coordinate preservation argument for this finite contract.",Hybrid barrier-certificate approach to diagnosability verification for cyber-physical systems.,Broader diagnosis semantics are prior work; this manuscript claims only a finite fixed-horizon certificate and selected-coordinate preservation result for its explicit deletion contract.
wagner74,The String-to-String Correction Problem,main.tex,"Sequence comparison, exact selection, and certificates","\subsection{Sequence comparison, exact selection, and certificates} The decision predicate rests on the standard deletion/subsequence relation and decades of sequence-comparison algorithms~\cite{wagner74,hirschberg75,hunt77,ukkonen85,myers,wu}; fine-grained lower bounds also caution against treating general LCS computation as uniformly cheap~\cite{abboud15}. Our frontier recurrence uses the classical dominance idea rather than proposing a new LCS algorithm. The new deduction is that a finite frontier stop can be justified by one selected coordinate and that retaining those labels keeps the blocking proof valid after projection.",Dynamic-programming foundation for edit distance and string correction.,The sequence-comparison algorithm or lower bound is prior work; only the labelled blocking witness and tap-core deduction are proposed here.
hirschberg75,A Linear Space Algorithm for Computing Maximal Common Subsequences,main.tex,"Sequence comparison, exact selection, and certificates","\subsection{Sequence comparison, exact selection, and certificates} The decision predicate rests on the standard deletion/subsequence relation and decades of sequence-comparison algorithms~\cite{wagner74,hirschberg75,hunt77,ukkonen85,myers,wu}; fine-grained lower bounds also caution against treating general LCS computation as uniformly cheap~\cite{abboud15}. Our frontier recurrence uses the classical dominance idea rather than proposing a new LCS algorithm. The new deduction is that a finite frontier stop can be justified by one selected coordinate and that retaining those labels keeps the blocking proof valid after projection.",Linear-space computation of a longest common subsequence.,The sequence-comparison algorithm or lower bound is prior work; only the labelled blocking witness and tap-core deduction are proposed here.
hunt77,A Fast Algorithm for Computing Longest Common Subsequences,main.tex,"Sequence comparison, exact selection, and certificates","\subsection{Sequence comparison, exact selection, and certificates} The decision predicate rests on the standard deletion/subsequence relation and decades of sequence-comparison algorithms~\cite{wagner74,hirschberg75,hunt77,ukkonen85,myers,wu}; fine-grained lower bounds also caution against treating general LCS computation as uniformly cheap~\cite{abboud15}. Our frontier recurrence uses the classical dominance idea rather than proposing a new LCS algorithm. The new deduction is that a finite frontier stop can be justified by one selected coordinate and that retaining those labels keeps the blocking proof valid after projection.",Sparse-match algorithm for longest common subsequences.,The sequence-comparison algorithm or lower bound is prior work; only the labelled blocking witness and tap-core deduction are proposed here.
ukkonen85,Algorithms for Approximate String Matching,main.tex,"Sequence comparison, exact selection, and certificates","\subsection{Sequence comparison, exact selection, and certificates} The decision predicate rests on the standard deletion/subsequence relation and decades of sequence-comparison algorithms~\cite{wagner74,hirschberg75,hunt77,ukkonen85,myers,wu}; fine-grained lower bounds also caution against treating general LCS computation as uniformly cheap~\cite{abboud15}. Our frontier recurrence uses the classical dominance idea rather than proposing a new LCS algorithm. The new deduction is that a finite frontier stop can be justified by one selected coordinate and that retaining those labels keeps the blocking proof valid after projection.",Banded/frontier methods for approximate string matching.,The sequence-comparison algorithm or lower bound is prior work; only the labelled blocking witness and tap-core deduction are proposed here.
myers,An {$O(ND)$} Difference Algorithm and Its Variations,main.tex,Completeness from the classical frontier,"This proof uses the same dominance principle underlying efficient edit-distance computation~\cite{myers}. The certificate differs from a replay of that computation: it retains upper bounds and selected-coordinate reasons for stopping, while discarding the evidence that each intervening run matches. Soundness permits that discarded work because it needs only upper bounds, not exact reachability.",Furthest-reaching edit frontier underlying the certificate producer.,The sequence-comparison algorithm or lower bound is prior work; only the labelled blocking witness and tap-core deduction are proposed here.
myers,An {$O(ND)$} Difference Algorithm and Its Variations,main.tex,"Sequence comparison, exact selection, and certificates","\subsection{Sequence comparison, exact selection, and certificates} The decision predicate rests on the standard deletion/subsequence relation and decades of sequence-comparison algorithms~\cite{wagner74,hirschberg75,hunt77,ukkonen85,myers,wu}; fine-grained lower bounds also caution against treating general LCS computation as uniformly cheap~\cite{abboud15}. Our frontier recurrence uses the classical dominance idea rather than proposing a new LCS algorithm. The new deduction is that a finite frontier stop can be justified by one selected coordinate and that retaining those labels keeps the blocking proof valid after projection.",Furthest-reaching edit frontier underlying the certificate producer.,The sequence-comparison algorithm or lower bound is prior work; only the labelled blocking witness and tap-core deduction are proposed here.
wu,An {$O(NP)$} Sequence Comparison Algorithm,main.tex,"Sequence comparison, exact selection, and certificates","\subsection{Sequence comparison, exact selection, and certificates} The decision predicate rests on the standard deletion/subsequence relation and decades of sequence-comparison algorithms~\cite{wagner74,hirschberg75,hunt77,ukkonen85,myers,wu}; fine-grained lower bounds also caution against treating general LCS computation as uniformly cheap~\cite{abboud15}. Our frontier recurrence uses the classical dominance idea rather than proposing a new LCS algorithm. The new deduction is that a finite frontier stop can be justified by one selected coordinate and that retaining those labels keeps the blocking proof valid after projection.",Compressed sequence-comparison frontier and dominance argument.,The sequence-comparison algorithm or lower bound is prior work; only the labelled blocking witness and tap-core deduction are proposed here.
abboud15,Tight Hardness Results for {LCS} and Other Sequence Similarity Measures,main.tex,"Sequence comparison, exact selection, and certificates","\subsection{Sequence comparison, exact selection, and certificates} The decision predicate rests on the standard deletion/subsequence relation and decades of sequence-comparison algorithms~\cite{wagner74,hirschberg75,hunt77,ukkonen85,myers,wu}; fine-grained lower bounds also caution against treating general LCS computation as uniformly cheap~\cite{abboud15}. Our frontier recurrence uses the classical dominance idea rather than proposing a new LCS algorithm. The new deduction is that a finite frontier stop can be justified by one selected coordinate and that retaining those labels keeps the blocking proof valid after projection.",Fine-grained conditional lower bounds for general LCS and related measures.,The sequence-comparison algorithm or lower bound is prior work; only the labelled blocking witness and tap-core deduction are proposed here.
chvatal79,A Greedy Heuristic for the Set-Covering Problem,main.tex,"Sequence comparison, exact selection, and certificates","The global optimizer learns hitting clauses from collision alignments. Set-cover heuristics and approximation barriers are classical~\cite{chvatal79,feige98}, but our finite implementation claims only exact enumeration and clause checking, not a scalable approximation ratio. Finally, the producer/consumer split follows proof-carrying and certifying-computation principles~\cite{necula97,mcconnell11,alkassar}; bounded model checking is a related example of separating a finite witness search from a checkable logical obligation~\cite{clarke01}. The delivered consumer is independently implemented and mutation-tested, but unlike the verified framework of Alkassar \emph{et al.}, it is not mechanized.",Classical greedy set-cover analysis.,"General set-cover theory is prior; the artifact claims exact bounded enumeration and necessary alignment clauses, not a new approximation ratio."
feige98,A Threshold of {$\ln n$} for Approximating Set Cover,main.tex,"Sequence comparison, exact selection, and certificates","The global optimizer learns hitting clauses from collision alignments. Set-cover heuristics and approximation barriers are classical~\cite{chvatal79,feige98}, but our finite implementation claims only exact enumeration and clause checking, not a scalable approximation ratio. Finally, the producer/consumer split follows proof-carrying and certifying-computation principles~\cite{necula97,mcconnell11,alkassar}; bounded model checking is a related example of separating a finite witness search from a checkable logical obligation~\cite{clarke01}. The delivered consumer is independently implemented and mutation-tested, but unlike the verified framework of Alkassar \emph{et al.}, it is not mechanized.",Hardness threshold for approximating set cover.,"General set-cover theory is prior; the artifact claims exact bounded enumeration and necessary alignment clauses, not a new approximation ratio."
clarke01,Bounded Model Checking Using Satisfiability Solving,main.tex,"Sequence comparison, exact selection, and certificates","The global optimizer learns hitting clauses from collision alignments. Set-cover heuristics and approximation barriers are classical~\cite{chvatal79,feige98}, but our finite implementation claims only exact enumeration and clause checking, not a scalable approximation ratio. Finally, the producer/consumer split follows proof-carrying and certifying-computation principles~\cite{necula97,mcconnell11,alkassar}; bounded model checking is a related example of separating a finite witness search from a checkable logical obligation~\cite{clarke01}. The delivered consumer is independently implemented and mutation-tested, but unlike the verified framework of Alkassar \emph{et al.}, it is not mechanized.",SAT-based bounded model checking as finite witness search plus logical checking.,Producer/consumer certification is prior; the delivered Python checker is not proof-assistant verified.
necula97,Proof-Carrying Code,main.tex,"Sequence comparison, exact selection, and certificates","The global optimizer learns hitting clauses from collision alignments. Set-cover heuristics and approximation barriers are classical~\cite{chvatal79,feige98}, but our finite implementation claims only exact enumeration and clause checking, not a scalable approximation ratio. Finally, the producer/consumer split follows proof-carrying and certifying-computation principles~\cite{necula97,mcconnell11,alkassar}; bounded model checking is a related example of separating a finite witness search from a checkable logical obligation~\cite{clarke01}. The delivered consumer is independently implemented and mutation-tested, but unlike the verified framework of Alkassar \emph{et al.}, it is not mechanized.",Proof-carrying code as a producer/consumer proof architecture.,Producer/consumer certification is prior; the delivered Python checker is not proof-assistant verified.
mcconnell11,Certifying Algorithms,main.tex,"Sequence comparison, exact selection, and certificates","The global optimizer learns hitting clauses from collision alignments. Set-cover heuristics and approximation barriers are classical~\cite{chvatal79,feige98}, but our finite implementation claims only exact enumeration and clause checking, not a scalable approximation ratio. Finally, the producer/consumer split follows proof-carrying and certifying-computation principles~\cite{necula97,mcconnell11,alkassar}; bounded model checking is a related example of separating a finite witness search from a checkable logical obligation~\cite{clarke01}. The delivered consumer is independently implemented and mutation-tested, but unlike the verified framework of Alkassar \emph{et al.}, it is not mechanized.",Certifying algorithms and independently checkable result witnesses.,Producer/consumer certification is prior; the delivered Python checker is not proof-assistant verified.
alkassar,A Framework for the Verification of Certifying Computations,main.tex,"Sequence comparison, exact selection, and certificates","The global optimizer learns hitting clauses from collision alignments. Set-cover heuristics and approximation barriers are classical~\cite{chvatal79,feige98}, but our finite implementation claims only exact enumeration and clause checking, not a scalable approximation ratio. Finally, the producer/consumer split follows proof-carrying and certifying-computation principles~\cite{necula97,mcconnell11,alkassar}; bounded model checking is a related example of separating a finite witness search from a checkable logical obligation~\cite{clarke01}. The delivered consumer is independently implemented and mutation-tested, but unlike the verified framework of Alkassar \emph{et al.}, it is not mechanized.",Mechanized framework for verification of certifying computations.,Producer/consumer certification is prior; the delivered Python checker is not proof-assistant verified.
benmarshall_uart,UART Transmitter and Receiver in Verilog,main.tex,Pinned public-UART RTL bridge,"\subsection{Pinned public-UART RTL bridge} The finite-language contract is connected to a public Verilog implementation rather than only to generated state tables. We pin the MIT-licensed \texttt{ben-marshall/uart} transmitter and receiver at the immutable commit recorded by the artifact~\cite{benmarshall_uart}. Exact byte and Git-blob checks bind the upstream source and license. For Icarus Verilog 13 compatibility, generated copies only move four existing parameter declarations before their ANSI-port uses; an independent checker reconstructs that textual rewrite and permits no logic change.",Concrete UART TX/RX RTL used solely as a pinned public source for the deterministic source-to-trace bridge.,Not scholarly evidence for the theorem or for physical post-silicon efficacy; one simulation design under controlled one-cycle interventions.
