key,type,year,title,venue,identifier,identity_basis,citation_occurrences,reading_depth,status,errors
overview,inproceedings,2010,"Post-Silicon Validation: Opportunities, Challenges and Recent Advances",Proc. Design Automation Conference (DAC),10.1145/1837274.1837280,doi,2,bibliographic metadata and abstract/available snippet checked; no complete full-paper claim,stable-identity-record,
ifra08,inproceedings,2008,{IFRA}: Instruction Footprint Recording and Analysis for Post-Silicon Bug Localization in Processors,Proc. Design Automation Conference (DAC),10.1145/1391469.1391569,doi,1,bibliographic metadata and abstract/available snippet checked; no complete full-paper claim,stable-identity-record,
ifra09,article,2009,Post-Silicon Bug Localization in Processors Using Instruction Footprint Recording and Analysis ({IFRA}),IEEE Trans. Comput.-Aided Design Integr. Circuits Syst.,10.1109/tcad.2009.2030595,doi,1,bibliographic metadata and abstract or author record checked; no complete full-paper claim,stable-identity-record,
ga24,inproceedings,2024,Post-Silicon Trace Signal Selection Using Genetic Algorithm,Proc. IEEE Asian Test Symposium (ATS),10.1109/ats64447.2024.10915396,doi,1,bibliographic metadata and abstract/available snippet checked; no complete full-paper claim,stable-identity-record,
sanjaya24,article,2024,Assertion-Based Validation Using Clustering and Dynamic Refinement of Hardware Checkers,ACM Trans. Design Autom. Electron. Syst.,10.1145/3696108,doi,3,bibliographic metadata and abstract/available snippet checked; no complete full-paper claim,stable-identity-record,
abramovici06,inproceedings,2006,A Reconfigurable Design-for-Debug Infrastructure for {SoCs},Proc. Design Automation Conference (DAC),10.1145/1146909.1146916,doi,2,bibliographic metadata and abstract/available snippet checked; no complete full-paper claim,stable-identity-record,
rootselaar99,inproceedings,1999,Silicon Debug: Scan Chains Alone Are Not Enough,Proc. Int. Test Conference (ITC),10.1109/test.1999.805821,doi,2,bibliographic metadata and abstract/available snippet checked; no complete full-paper claim,stable-identity-record,
caty05,inproceedings,2005,Microprocessor Silicon Debug Based on Failure Propagation Tracing,Proc. Int. Test Conference (ITC),10.1109/test.2005.1583986,doi,2,bibliographic metadata and abstract/available snippet checked; no complete full-paper claim,stable-identity-record,
ko,article,2009,Algorithms for State Restoration and Trace-Signal Selection for Data Acquisition in Silicon Debug,IEEE Trans. Comput.-Aided Design Integr. Circuits Syst.,10.1109/tcad.2008.2009158,doi,1,bibliographic metadata and abstract or author record checked; no complete full-paper claim,stable-identity-record,
ko_rtl,inproceedings,2010,Automated Trace Signals Selection Using the {RTL} Descriptions,Proc. IEEE Int. Test Conference (ITC),10.1109/test.2010.5699214,doi,1,bibliographic metadata and abstract/available snippet checked; no complete full-paper claim,stable-identity-record,
ko_scan,inproceedings,2010,Combining Scan and Trace Buffers for Enhancing Real-Time Observability in Post-Silicon Debugging,Proc. IEEE European Test Symposium (ETS),10.1109/etsym.2010.5512781,doi,1,bibliographic metadata and abstract/available snippet checked; no complete full-paper claim,stable-identity-record,
liu,article,2012,On Signal Selection for Visibility Enhancement in Trace-Based Post-Silicon Validation,IEEE Trans. Comput.-Aided Design Integr. Circuits Syst.,10.1109/tcad.2012.2189395,doi,1,bibliographic metadata and abstract or author record checked; no complete full-paper claim,stable-identity-record,
yang,article,2012,Efficient Trace Signal Selection for Silicon Debug by Error Transmission Analysis,IEEE Trans. Comput.-Aided Design Integr. Circuits Syst.,10.1109/tcad.2011.2171184,doi,1,bibliographic metadata and abstract or author record checked; no complete full-paper claim,stable-identity-record,
rats,article,2013,{RATS}: Restoration-Aware Trace Signal Selection for Post-Silicon Validation,IEEE Trans. Very Large Scale Integr. (VLSI) Syst.,10.1109/tvlsi.2012.2192457,doi,1,substantive partial full-PDF reading,stable-identity-record,
basu11,inproceedings,2011,Efficient Trace Signal Selection for Post Silicon Validation and Debug,Proc. Int. Conf. VLSI Design,10.1109/vlsid.2011.14,doi,1,bibliographic metadata and abstract/available snippet checked; no complete full-paper claim,stable-identity-record,
basu_scan,inproceedings,2011,Efficient Combination of Trace and Scan Signals for Post Silicon Validation and Debug,Proc. IEEE Int. Test Conference (ITC),10.1109/test.2011.6139157,doi,1,bibliographic metadata and abstract/available snippet checked; no complete full-paper claim,stable-identity-record,
basu_dynamic,inproceedings,2013,Dynamic Selection of Trace Signals for Post-Silicon Debug,Proc. Int. Workshop Microprocessor Test and Verification (MTV),10.1109/mtv.2013.13,doi,1,bibliographic metadata and abstract/available snippet checked; no complete full-paper claim,stable-identity-record,
chatterjee11,inproceedings,2011,Simulation-Based Signal Selection for State Restoration in Silicon Debug,Proc. IEEE/ACM Int. Conf. Computer-Aided Design (ICCAD),10.1109/iccad.2011.6105391,doi,1,bibliographic metadata and abstract/available snippet checked; no complete full-paper claim,stable-identity-record,
hung13,article,2013,Scalable Signal Selection for Post-Silicon Debug,IEEE Trans. Very Large Scale Integr. (VLSI) Syst.,10.1109/tvlsi.2012.2202409,doi,1,bibliographic metadata and abstract/available snippet checked; no complete full-paper claim,stable-identity-record,
li_davoodi14,article,2014,A Hybrid Approach for Fast and Accurate Trace Signal Selection for Post-Silicon Debug,IEEE Trans. Comput.-Aided Design Integr. Circuits Syst.,10.1109/tcad.2014.2307533,doi,1,bibliographic metadata and abstract or author record checked; no complete full-paper claim,stable-identity-record,
rahmani,inproceedings,2014,Efficient Trace Signal Selection Using Augmentation and {ILP} Techniques,Proc. Int. Symp. Quality Electronic Design (ISQED),10.1109/isqed.2014.6783318,doi,1,substantive partial full-PDF reading,stable-identity-record,
rahmani_scan,article,2016,Efficient Selection of Trace and Scan Signals for Post-Silicon Debug,IEEE Trans. Very Large Scale Integr. (VLSI) Syst.,10.1109/tvlsi.2015.2396083,doi,1,bibliographic metadata and abstract/available snippet checked; no complete full-paper claim,stable-identity-record,
rahmani_ml,article,2017,Post-Silicon Trace Signal Selection Using Machine Learning Techniques,IEEE Trans. Very Large Scale Integr. (VLSI) Syst.,10.1109/tvlsi.2016.2593902,doi,1,bibliographic metadata and abstract/available snippet checked; no complete full-paper claim,stable-identity-record,
shojaei10,inproceedings,2010,Trace Signal Selection to Enhance Timing and Logic Visibility in Post-Silicon Validation,Proc. IEEE/ACM Int. Conf. Computer-Aided Design (ICCAD),10.1109/iccad.2010.5654123,doi,1,bibliographic metadata and abstract/available snippet checked; no complete full-paper claim,stable-identity-record,
prabhakar09,inproceedings,2009,Using Non-Trivial Logic Implications for Trace Buffer-Based Silicon Debug,Proc. Asian Test Symposium (ATS),10.1109/ats.2009.20,doi,1,bibliographic metadata and abstract/available snippet checked; no complete full-paper claim,stable-identity-record,
han13,inproceedings,2013,Enhanced Algorithm of Combining Trace and Scan Signals in Post-Silicon Validation,Proc. IEEE VLSI Test Symposium (VTS),10.1109/vts.2013.6548915,doi,1,bibliographic metadata and abstract/available snippet checked; no complete full-paper claim,stable-identity-record,
taatizadeh16,article,2016,Automated Selection of Assertions for Bit-Flip Detection During Post-Silicon Validation,IEEE Trans. Comput.-Aided Design Integr. Circuits Syst.,10.1109/tcad.2016.2538087,doi,1,bibliographic metadata and abstract or author record checked; no complete full-paper claim,stable-identity-record,
vali16,inproceedings,2016,Bit-Flip Detection-Driven Selection of Trace Signals,Proc. IEEE European Test Symposium (ETS),10.1109/ets.2016.7519315,doi,1,bibliographic metadata and abstract/available snippet checked; no complete full-paper claim,stable-identity-record,
cluster19,article,2019,Cluster Restoration-Based Trace Signal Selection for Post-Silicon Debug,IEEE Trans. Comput.-Aided Design Integr. Circuits Syst.,10.1109/tcad.2018.2818690,doi,1,bibliographic metadata and abstract or author record checked; no complete full-paper claim,stable-identity-record,
trigger18,article,2018,On Trace Buffer Reuse-Based Trigger Generation in Post-Silicon Debug,IEEE Trans. Comput.-Aided Design Integr. Circuits Syst.,10.1109/tcad.2017.2778084,doi,1,bibliographic metadata and abstract or author record checked; no complete full-paper claim,stable-identity-record,
gate20,article,2020,Post-Silicon Gate-Level Error Localization With Effective and Combined Trace Signal Selection,IEEE Trans. Comput.-Aided Design Integr. Circuits Syst.,10.1109/tcad.2018.2883899,doi,1,bibliographic metadata and abstract or author record checked; no complete full-paper claim,stable-identity-record,
pal,article,2020,Emphasizing Functional Relevance Over State Restoration in Post-Silicon Signal Tracing,IEEE Trans. Comput.-Aided Design Integr. Circuits Syst.,10.1109/tcad.2018.2887047,doi,1,substantive partial full-PDF reading,stable-identity-record,
ma15,inproceedings,2015,Can't See the Forest for the Trees: State Restoration's Limitations in Post-Silicon Trace Signal Selection,Proc. IEEE/ACM Int. Conf. Computer-Aided Design (ICCAD),10.1109/iccad.2015.7372542,doi,1,bibliographic metadata and abstract/available snippet checked; no complete full-paper claim,stable-identity-record,
cao17,inproceedings,2017,A Post-Silicon Trace Analysis Approach for System-on-Chip Protocol Debug,Proc. IEEE Int. Conf. Computer Design (ICCD),10.1109/iccd.2017.35,doi,1,bibliographic metadata and abstract/available snippet checked; no complete full-paper claim,stable-identity-record,
memory15,article,2015,Post-Silicon Validation of Multiprocessor Memory Consistency,IEEE Trans. Comput.-Aided Design Integr. Circuits Syst.,10.1109/tcad.2015.2402171,doi,1,"substantive full-PDF reading; abstract, method, limitations, and evaluation passages checked",stable-identity-record,
blog10,inproceedings,2010,{BLoG}: Post-Silicon Bug Localization in Processors Using Bug Localization Graphs,Proc. Design Automation Conference (DAC),10.1145/1837274.1837367,doi,1,bibliographic metadata and abstract/available snippet checked; no complete full-paper claim,stable-identity-record,
qed10,inproceedings,2010,{QED}: Quick Error Detection Tests for Effective Post-Silicon Validation,Proc. IEEE Int. Test Conference (ITC),10.1109/test.2010.5699215,doi,1,bibliographic metadata and abstract/available snippet checked; no complete full-paper claim,stable-identity-record,
qedtcad14,article,2014,Effective Post-Silicon Validation of System-on-Chips Using Quick Error Detection,IEEE Trans. Comput.-Aided Design Integr. Circuits Syst.,10.1109/tcad.2014.2334301,doi,1,bibliographic metadata and abstract or author record checked; no complete full-paper claim,stable-identity-record,
sqed,inproceedings,2015,A Structured Approach to Post-Silicon Validation and Debug Using Symbolic Quick Error Detection,Proc. IEEE Int. Test Conference (ITC),10.1109/test.2015.7342397,doi,1,bibliographic metadata and abstract/available snippet checked; no complete full-paper claim,stable-identity-record,
eqed,inproceedings,2017,{E-QED}: Electrical Bug Localization During Post-Silicon Validation Enabled by Quick Error Detection and Formal Methods,Proc. Int. Conf. Computer Aided Verification (CAV),10.1007/978-3-319-63390-9_6,doi,1,substantive partial full-PDF reading,stable-identity-record,
backspace,inproceedings,2008,{BackSpace}: Formal Analysis for Post-Silicon Debug,Proc. Formal Methods in Computer-Aided Design (FMCAD),10.1109/fmcad.2008.ecp.9,doi,1,bibliographic metadata and abstract/available snippet checked; no complete full-paper claim,stable-identity-record,
deorio11,inproceedings,2011,Post-Silicon Bug Diagnosis With Inconsistent Executions,Proc. IEEE/ACM Int. Conf. Computer-Aided Design (ICCAD),10.1109/iccad.2011.6105414,doi,1,bibliographic metadata and abstract/available snippet checked; no complete full-paper claim,stable-identity-record,
sampath95,article,1995,Diagnosability of Discrete-Event Systems,IEEE Trans. Autom. Control,10.1109/9.412626,doi,1,bibliographic metadata and relevant abstract/available passage checked; full-paper depth recorded only where stated,stable-identity-record,
jiang01,article,2001,A Polynomial Algorithm for Testing Diagnosability of Discrete-Event Systems,IEEE Trans. Autom. Control,10.1109/9.940942,doi,1,bibliographic metadata and relevant abstract/available passage checked; full-paper depth recorded only where stated,stable-identity-record,
yoo02,article,2002,Polynomial-Time Verification of Diagnosability of Partially Observed Discrete-Event Systems,IEEE Trans. Autom. Control,10.1109/tac.2002.802763,doi,1,bibliographic metadata and relevant abstract/available passage checked; full-paper depth recorded only where stated,stable-identity-record,
thorsley05,article,2005,Diagnosability of Stochastic Discrete-Event Systems,IEEE Trans. Autom. Control,10.1109/tac.2005.844722,doi,1,bibliographic metadata and relevant abstract/available passage checked; full-paper depth recorded only where stated,stable-identity-record,
zaytoon13,article,2013,Overview of Fault Diagnosis Methods for Discrete Event Systems,Annual Reviews in Control,10.1016/j.arcontrol.2013.09.009,doi,1,bibliographic metadata and relevant abstract/available passage checked; full-paper depth recorded only where stated,stable-identity-record,
dong,article,2024,A Uniform Framework for Diagnosis of Discrete-Event Systems With Unreliable Sensors Using Linear Temporal Logic,IEEE Trans. Autom. Control,10.1109/tac.2023.3266021,doi,1,substantive partial full-PDF reading,stable-identity-record,
zhong,article,2026,Verification of Diagnosability for Cyber-Physical Systems: A Hybrid Barrier Certificate Approach,IEEE Trans. Autom. Control,10.1109/tac.2026.3669025,doi,1,substantive partial full-PDF reading,stable-identity-record,
wagner74,article,1974,The String-to-String Correction Problem,J. ACM,10.1145/321796.321811,doi,1,bibliographic metadata and relevant abstract/available passage checked; full-paper depth recorded only where stated,stable-identity-record,
hirschberg75,article,1975,A Linear Space Algorithm for Computing Maximal Common Subsequences,Commun. ACM,10.1145/360825.360861,doi,1,bibliographic metadata and relevant abstract/available passage checked; full-paper depth recorded only where stated,stable-identity-record,
hunt77,article,1977,A Fast Algorithm for Computing Longest Common Subsequences,Commun. ACM,10.1145/359581.359603,doi,1,bibliographic metadata and relevant abstract/available passage checked; full-paper depth recorded only where stated,stable-identity-record,
ukkonen85,article,1985,Algorithms for Approximate String Matching,Information and Control,10.1016/s0019-9958(85)80046-2,doi,1,bibliographic metadata and relevant abstract/available passage checked; full-paper depth recorded only where stated,stable-identity-record,
myers,article,1986,An {$O(ND)$} Difference Algorithm and Its Variations,Algorithmica,10.1007/bf01840446,doi,2,bibliographic metadata and relevant abstract/available passage checked; full-paper depth recorded only where stated,stable-identity-record,
wu,article,1990,An {$O(NP)$} Sequence Comparison Algorithm,Information Processing Letters,10.1016/0020-0190(90)90035-v,doi,1,substantive partial full-PDF reading,stable-identity-record,
abboud15,inproceedings,2015,Tight Hardness Results for {LCS} and Other Sequence Similarity Measures,Proc. IEEE Symposium on Foundations of Computer Science (FOCS),10.1109/focs.2015.14,doi,1,bibliographic metadata and relevant abstract/available passage checked; full-paper depth recorded only where stated,stable-identity-record,
chvatal79,article,1979,A Greedy Heuristic for the Set-Covering Problem,Mathematics of Operations Research,10.1287/moor.4.3.233,doi,1,bibliographic metadata and relevant abstract/available passage checked; full-paper depth recorded only where stated,stable-identity-record,
feige98,article,1998,A Threshold of {$\ln n$} for Approximating Set Cover,J. ACM,10.1145/285055.285059,doi,1,bibliographic metadata and relevant abstract/available passage checked; full-paper depth recorded only where stated,stable-identity-record,
clarke01,article,2001,Bounded Model Checking Using Satisfiability Solving,Formal Methods in System Design,10.1023/a:1011276507260,doi,1,bibliographic metadata and relevant abstract/available passage checked; full-paper depth recorded only where stated,stable-identity-record,
necula97,inproceedings,1997,Proof-Carrying Code,Proc. ACM SIGPLAN-SIGACT Symposium on Principles of Programming Languages (POPL),10.1145/263699.263712,doi,1,bibliographic metadata and relevant abstract/available passage checked; full-paper depth recorded only where stated,stable-identity-record,
mcconnell11,article,2011,Certifying Algorithms,Computer Science Review,10.1016/j.cosrev.2010.09.009,doi,1,bibliographic metadata and relevant abstract/available passage checked; full-paper depth recorded only where stated,stable-identity-record,
alkassar,article,2014,A Framework for the Verification of Certifying Computations,Journal of Automated Reasoning,10.1007/s10817-013-9289-2,doi,1,bibliographic metadata and relevant abstract/available passage checked; full-paper depth recorded only where stated,stable-identity-record,
benmarshall_uart,misc,2021,UART Transmitter and Receiver in Verilog,"GitHub repository, commit 5fd2db850a41b65aa34f3a31c663fc8704c7abd8",https://github.com/ben-marshall/uart/tree/5fd2db850a41b65aa34f3a31c663fc8704c7abd8,immutable-source-url,1,"Exact retained source, license, commit, blob identifiers, and testbench integration inspected",stable-identity-record,
