h,d,m,local_records,lcs_grid_cells,proof_json_bytes,kernel_taps,checker_median_us,frontier_median_us,lcs_median_us
32,1,3,4,1089,48,3,2.3104299999998634,3.9053799999999588,135.63124999999704
64,1,3,4,4225,48,3,2.291300000000218,6.2236200000009845,537.9795000000076
128,1,3,4,16641,52,3,2.293999999999352,10.872920000000175,2126.3402499999975
256,1,3,4,66049,52,3,2.2752700000006065,20.118060000000604,8162.837000000034
512,1,3,4,263169,52,3,2.3561999999999195,42.95914000000067,37842.31199999999
32,2,5,9,1089,77,5,4.5562599999993125,5.565459999998801,133.29274999999973
64,2,5,9,4225,77,5,4.697269999998088,7.818400000001446,517.2687500000217
128,2,5,9,16641,86,5,4.470340000000128,12.54181999999826,2017.9292499999947
256,2,5,9,66049,86,5,4.594419999999211,21.54736000000046,8081.171000000054
512,2,5,9,263169,86,5,5.01834999999895,45.3855400000025,38199.79299999998
32,3,7,16,1089,116,7,7.778739999999563,7.520159999998555,129.4783749999917
64,3,7,16,4225,116,7,7.81819999999822,10.14324000000233,509.57237500001696
128,3,7,16,16641,132,7,7.812189999998332,14.524159999997899,2015.9814999999858
256,3,7,16,66049,132,7,7.833930000000766,23.76667999999693,8038.637999999932
512,3,7,16,263169,132,7,8.209980000000172,47.02398000000052,37667.78300000029
32,4,9,25,1089,165,9,11.929400000001422,10.803440000000109,138.43918750000572
64,4,9,25,4225,165,9,12.263900000002437,13.35481999999999,527.0394999999928
128,4,9,25,16641,190,9,11.917180000002858,17.632560000002684,2052.462999999949
256,4,9,25,66049,190,9,12.021630000003114,27.072559999998802,8184.088499999964
512,4,9,25,263169,190,9,13.652359999998254,51.211000000002116,38428.401
