cycle,txd,tx_busy,tx_fsm0,tx_fsm1,tx_bit0,tx_bit1,tx_data0,rxd,rx_valid,rx_fsm0,rx_fsm1,rx_sample,row
0,0,1,1,0,0,0,0,0,0,0,0,0,6
1,0,1,1,0,0,0,0,0,0,0,0,0,6
2,0,1,1,0,0,0,0,0,0,0,0,0,6
3,0,1,1,0,0,0,0,0,0,1,0,0,518
4,0,1,0,1,0,0,0,0,0,1,0,0,522
5,0,1,0,1,0,0,0,0,0,1,0,0,522
6,0,1,0,1,0,0,0,0,0,1,0,0,522
7,0,1,0,1,0,0,0,0,0,1,0,0,522
8,0,1,0,1,0,0,0,0,0,0,1,0,1034
9,0,1,0,1,1,0,1,0,0,0,1,0,1114
10,1,1,0,1,1,0,1,1,0,0,1,0,1243
11,1,1,0,1,1,0,1,1,0,0,1,0,1243
12,1,1,0,1,1,0,1,1,0,0,1,0,1243
13,1,1,0,1,1,0,1,1,0,0,1,0,1243
14,1,1,0,1,0,1,0,1,0,0,1,0,1195
15,0,1,0,1,0,1,0,0,0,0,1,0,1066
16,0,1,0,1,0,1,0,0,0,0,1,1,3114
17,0,1,0,1,0,1,0,0,0,0,1,1,3114
18,0,1,0,1,0,1,0,0,0,0,1,1,3114
19,0,1,0,1,1,1,1,0,0,0,1,1,3194
20,1,1,0,1,1,1,1,1,0,0,1,1,3323
21,1,1,0,1,1,1,1,1,0,0,1,0,1275
22,1,1,0,1,1,1,1,1,0,0,1,0,1275
23,1,1,0,1,1,1,1,1,0,0,1,0,1275
24,1,1,0,1,0,0,1,1,0,0,1,0,1227
25,1,1,1,1,0,0,1,1,0,0,1,0,1231
26,1,1,1,1,0,0,1,1,0,0,1,1,3279
27,1,1,1,1,0,0,1,1,0,0,1,1,3279
28,1,1,1,1,0,0,1,1,0,0,1,1,3279
29,1,1,1,1,1,0,1,1,0,1,1,1,3807
30,1,0,0,0,1,0,1,1,1,1,1,1,4049
31,1,0,0,0,0,0,1,1,0,0,0,1,2241
32,1,0,0,0,0,0,1,1,0,0,0,1,2241
33,1,0,0,0,0,0,1,1,0,0,0,1,2241
34,1,0,0,0,0,0,1,1,0,0,0,1,2241
35,1,0,0,0,0,0,1,1,0,0,0,1,2241
36,1,0,0,0,0,0,1,1,0,0,0,1,2241
37,1,0,0,0,0,0,1,1,0,0,0,1,2241
38,1,0,0,0,0,0,1,1,0,0,0,1,2241
39,1,0,0,0,0,0,1,1,0,0,0,1,2241
40,1,0,0,0,0,0,1,1,0,0,0,1,2241
41,1,0,0,0,0,0,1,1,0,0,0,1,2241
42,1,0,0,0,0,0,1,1,0,0,0,1,2241
43,1,0,0,0,0,0,1,1,0,0,0,1,2241
44,1,0,0,0,0,0,1,1,0,0,0,1,2241
45,1,0,0,0,0,0,1,1,0,0,0,1,2241
46,1,0,0,0,0,0,1,1,0,0,0,1,2241
47,1,0,0,0,0,0,1,1,0,0,0,1,2241
